id,Piloto,Pneu
1,Gabriel,Hoosier
2,Gabriel,Hoosier
3,Gabriel,Hoosier
4,Gabriel,Hoosier
5,Gabriel,Hoosier
6,Gabriel,Hoosier
7,Gabriel,Hoosier
8,Gabriel,Hoosier
9,Gabriel,Hoosier
10,Gabriel,Hoosier
11,Gabriel,Hoosier
12,Gabriel,Hoosier
13,Gabriel,Hoosier
14,Gabriel,Hoosier
15,Gabriel,Hoosier
16,Gabriel,Hoosier
17,Gabriel,Hoosier
18,Gabriel,Hoosier
19,Gabriel,Hoosier
20,Gabriel,Hoosier
21,Gabriel,Hoosier
22,Gabriel,Hoosier
23,Gabriel,Hoosier
24,Gabriel,Hoosier
25,Gabriel,Hoosier
26,Gabriel,Hoosier
27,Gabriel,Hoosier
28,Gabriel,Hoosier
29,Gabriel,Hoosier
30,Gabriel,Hoosier
31,Gabriel,Hoosier
32,Gabriel,Hoosier
33,Gabriel,Hoosier
34,Gabriel,Hoosier
35,Gabriel,Hoosier
36,Gabriel,Hoosier
37,Gabriel,Hoosier
38,Gabriel,Hoosier
39,Gabriel,Hoosier
40,Gabriel,Hoosier
41,Gabriel,Hoosier
42,Gabriel,Hoosier
43,Gabriel,Hoosier
44,Gabriel,Hoosier
45,Gabriel,Hoosier
46,Gabriel,Hoosier
47,Gabriel,Hoosier
48,Gabriel,Hoosier
49,Gabriel,Hoosier
50,Gabriel,Hoosier
51,Gabriel,Hoosier
52,Gabriel,Hoosier
53,Gabriel,Hoosier
54,Gabriel,Hoosier
55,Gabriel,Hoosier
56,Gabriel,Hoosier
57,Gabriel,Hoosier
58,Gabriel,Hoosier
59,Gabriel,Hoosier
60,Gabriel,Hoosier
61,Gabriel,Hoosier
62,Gabriel,Hoosier
63,Gabriel,Hoosier
64,Gabriel,Hoosier
65,Gabriel,Hoosier
66,Gabriel,Hoosier
67,Gabriel,Hoosier
68,Gabriel,Hoosier
69,Gabriel,Hoosier
70,Gabriel,Hoosier
71,Gabriel,Hoosier
72,Gabriel,Hoosier
73,Gabriel,Hoosier
74,Gabriel,Hoosier
75,Gabriel,Hoosier
76,Gabriel,Hoosier
77,Gabriel,Hoosier
78,Gabriel,Hoosier
79,Gabriel,Hoosier
80,Gabriel,Hoosier
81,Gabriel,Hoosier
82,Gabriel,Hoosier
83,Gabriel,Hoosier
84,Gabriel,Hoosier
85,Gabriel,Hoosier
86,Gabriel,Hoosier
87,Gabriel,Hoosier
88,Gabriel,Hoosier
89,Gabriel,Hoosier
90,Gabriel,Hoosier
91,Gabriel,Hoosier
92,Gabriel,Hoosier
93,Gabriel,Hoosier
94,Gabriel,Hoosier
95,Gabriel,Hoosier
96,Gabriel,Hoosier
97,Gabriel,Hoosier
98,Gabriel,Hoosier
99,Gabriel,Hoosier
100,Gabriel,Hoosier
101,Gabriel,Hoosier
102,Gabriel,Hoosier
103,Gabriel,Hoosier
104,Gabriel,Hoosier
105,Gabriel,Hoosier
106,Gabriel,Hoosier
107,Gabriel,Hoosier
108,Gabriel,Hoosier
109,Gabriel,Hoosier
110,Gabriel,Hoosier
111,Gabriel,Hoosier
112,Gabriel,Hoosier
113,Gabriel,Hoosier
114,Gabriel,Hoosier
115,Gabriel,Hoosier
116,Gabriel,Hoosier
117,Gabriel,Hoosier
118,Gabriel,Hoosier
119,Gabriel,Hoosier
120,Gabriel,Hoosier
121,Gabriel,Hoosier
122,Gabriel,Hoosier
123,Gabriel,Hoosier
124,Gabriel,Hoosier
125,Gabriel,Hoosier
126,Gabriel,Hoosier
127,Gabriel,Hoosier
128,Gabriel,Hoosier
129,Gabriel,Hoosier
130,Gabriel,Hoosier
131,Gabriel,Hoosier
132,Gabriel,Hoosier
133,Gabriel,Hoosier
134,Gabriel,Hoosier
135,Gabriel,Hoosier
136,Gabriel,Hoosier
137,Gabriel,Hoosier
138,Gabriel,Hoosier
139,Gabriel,Hoosier
140,Gabriel,Hoosier
141,Gabriel,Hoosier
142,Gabriel,Hoosier
143,Gabriel,Hoosier
144,Gabriel,Hoosier
145,Gabriel,Hoosier
146,Gabriel,Hoosier
147,Gabriel,Hoosier
148,Gabriel,Hoosier
149,Gabriel,Hoosier
150,Gabriel,Hoosier
151,Gabriel,Hoosier
152,Gabriel,Hoosier
153,Gabriel,Hoosier
154,Gabriel,Hoosier
155,Gabriel,Hoosier
156,Gabriel,Hoosier
157,Gabriel,Hoosier
158,Gabriel,Hoosier
159,Gabriel,Hoosier
160,Gabriel,Hoosier
161,Gabriel,Hoosier
162,Gabriel,Hoosier
163,Gabriel,Hoosier
164,Gabriel,Hoosier
165,Gabriel,Hoosier
166,Gabriel,Hoosier
167,Gabriel,Hoosier
168,Gabriel,Hoosier
169,Gabriel,Hoosier
170,Gabriel,Hoosier
171,Gabriel,Hoosier
172,Gabriel,Hoosier
173,Gabriel,Hoosier
174,Gabriel,Hoosier
175,Gabriel,Hoosier
176,Gabriel,Hoosier
177,Gabriel,Hoosier
178,Gabriel,Hoosier
179,Gabriel,Hoosier
180,Gabriel,Hoosier
181,Gabriel,Hoosier
182,Gabriel,Hoosier
183,Gabriel,Hoosier
184,Gabriel,Hoosier
185,Gabriel,Hoosier
186,Gabriel,Hoosier
187,Gabriel,Hoosier
188,Gabriel,Hoosier
189,Gabriel,Hoosier
190,Gabriel,Hoosier
191,Gabriel,Hoosier
192,Gabriel,Hoosier
193,Gabriel,Hoosier
194,Gabriel,Hoosier
195,Gabriel,Hoosier
196,Gabriel,Hoosier
197,Gabriel,Hoosier
198,Gabriel,Hoosier
199,Gabriel,Hoosier
200,Gabriel,Hoosier
201,Gabriel,Hoosier
202,Gabriel,Hoosier
203,Gabriel,Hoosier
204,Gabriel,Hoosier
205,Gabriel,Hoosier
206,Gabriel,Hoosier
207,Gabriel,Hoosier
208,Gabriel,Hoosier
209,Gabriel,Hoosier
210,Gabriel,Hoosier
211,Gabriel,Hoosier
212,Gabriel,Hoosier
213,Gabriel,Hoosier
214,Gabriel,Hoosier
215,Gabriel,Hoosier
216,Gabriel,Hoosier
217,Gabriel,Hoosier
218,Gabriel,Hoosier
219,Gabriel,Hoosier
220,Gabriel,Hoosier
221,Gabriel,Hoosier
222,Gabriel,Hoosier
223,Gabriel,Hoosier
224,Gabriel,Hoosier
225,Gabriel,Hoosier
226,Gabriel,Hoosier
227,Gabriel,Hoosier
228,Gabriel,Hoosier
229,Gabriel,Hoosier
230,Gabriel,Hoosier
231,Gabriel,Hoosier
232,Gabriel,Hoosier
233,Gabriel,Hoosier
234,Gabriel,Hoosier
235,Gabriel,Hoosier
236,Gabriel,Hoosier
237,Gabriel,Hoosier
238,Gabriel,Hoosier
239,Gabriel,Hoosier
240,Gabriel,Hoosier
241,Gabriel,Hoosier
242,Gabriel,Hoosier
243,Gabriel,Hoosier
244,Gabriel,Hoosier
245,Gabriel,Hoosier
246,Gabriel,Hoosier
247,Gabriel,Hoosier
248,Gabriel,Hoosier
249,Gabriel,Hoosier
250,Gabriel,Hoosier
251,Gabriel,Hoosier
252,Gabriel,Hoosier
253,Gabriel,Hoosier
254,Gabriel,Hoosier
255,Gabriel,Hoosier
256,Gabriel,Hoosier
257,Gabriel,Hoosier
258,Gabriel,Hoosier
259,Gabriel,Hoosier
260,Gabriel,Hoosier
261,Gabriel,Hoosier
262,Gabriel,Hoosier
263,Gabriel,Hoosier
264,Gabriel,Hoosier
265,Gabriel,Hoosier
266,Gabriel,Hoosier
267,Gabriel,Hoosier
268,Gabriel,Hoosier
269,Gabriel,Hoosier
270,Gabriel,Hoosier
271,Gabriel,Hoosier
272,Gabriel,Hoosier
273,Gabriel,Hoosier
274,Gabriel,Hoosier
275,Gabriel,Hoosier
276,Gabriel,Hoosier
277,Gabriel,Hoosier
278,Gabriel,Hoosier
279,Gabriel,Hoosier
280,Gabriel,Hoosier
281,Gabriel,Hoosier
282,Gabriel,Hoosier
283,Gabriel,Hoosier
284,Gabriel,Hoosier
285,Gabriel,Hoosier
286,Gabriel,Hoosier
287,Gabriel,Hoosier
288,Gabriel,Hoosier
289,Gabriel,Hoosier
290,Gabriel,Hoosier
291,Gabriel,Hoosier
292,Gabriel,Hoosier
293,Gabriel,Hoosier
294,Gabriel,Hoosier
295,Gabriel,Hoosier
296,Gabriel,Hoosier
297,Gabriel,Hoosier
298,Gabriel,Hoosier
299,Gabriel,Hoosier
300,Gabriel,Hoosier
301,Gabriel,Hoosier
302,Gabriel,Hoosier
303,Gabriel,Hoosier
304,Gabriel,Hoosier
305,Gabriel,Hoosier
306,Gabriel,Hoosier
307,Gabriel,Hoosier
308,Gabriel,Hoosier
309,Gabriel,Hoosier
310,Gabriel,Hoosier
311,Gabriel,Hoosier
312,Gabriel,Hoosier
313,Gabriel,Hoosier
314,Gabriel,Hoosier
315,Gabriel,Hoosier
316,Gabriel,Hoosier
317,Gabriel,Hoosier
318,Gabriel,Hoosier
319,Gabriel,Hoosier
320,Gabriel,Hoosier
321,Gabriel,Hoosier
322,Gabriel,Hoosier
323,Gabriel,Hoosier
324,Gabriel,Hoosier
325,Gabriel,Hoosier
326,Gabriel,Hoosier
327,Gabriel,Hoosier
328,Gabriel,Hoosier
329,Gabriel,Hoosier
330,Gabriel,Hoosier
331,Gabriel,Hoosier
332,Gabriel,Hoosier
333,Gabriel,Hoosier
334,Gabriel,Hoosier
335,Gabriel,Hoosier
336,Gabriel,Hoosier
337,Gabriel,Hoosier
338,Gabriel,Hoosier
339,Gabriel,Hoosier
340,Gabriel,Hoosier
341,Gabriel,Hoosier
342,Gabriel,Hoosier
343,Gabriel,Hoosier
344,Gabriel,Hoosier
345,Gabriel,Hoosier
346,Gabriel,Hoosier
347,Gabriel,Hoosier
348,Gabriel,Hoosier
349,Gabriel,Hoosier
350,Gabriel,Hoosier
351,Gabriel,Hoosier
352,Gabriel,Hoosier
353,Gabriel,Hoosier
354,Gabriel,Hoosier
355,Gabriel,Hoosier
356,Gabriel,Hoosier
357,Gabriel,Hoosier
358,Gabriel,Hoosier
359,Gabriel,Hoosier
360,Gabriel,Hoosier
361,Gabriel,Hoosier
362,Gabriel,Hoosier
363,Gabriel,Hoosier
364,Gabriel,Hoosier
365,Gabriel,Hoosier
366,Gabriel,Hoosier
367,Gabriel,Hoosier
368,Gabriel,Hoosier
369,Gabriel,Hoosier
370,Gabriel,Hoosier
371,Gabriel,Hoosier
372,Gabriel,Hoosier
373,Gabriel,Hoosier
374,Gabriel,Hoosier
375,Gabriel,Hoosier
376,Gabriel,Hoosier
377,Gabriel,Hoosier
378,Gabriel,Hoosier
379,Gabriel,Hoosier
380,Gabriel,Hoosier
381,Gabriel,Hoosier
382,Gabriel,Hoosier
383,Gabriel,Hoosier
384,Gabriel,Hoosier
385,Gabriel,Hoosier
386,Gabriel,Hoosier
387,Gabriel,Hoosier
388,Gabriel,Hoosier
389,Gabriel,Hoosier
390,Gabriel,Hoosier
391,Gabriel,Hoosier
392,Gabriel,Hoosier
393,Gabriel,Hoosier
394,Gabriel,Hoosier
395,Gabriel,Hoosier
396,Gabriel,Hoosier
397,Gabriel,Hoosier
398,Gabriel,Hoosier
399,Gabriel,Hoosier
400,Gabriel,Hoosier
401,Gabriel,Hoosier
402,Gabriel,Hoosier
403,Gabriel,Hoosier
404,Gabriel,Hoosier
405,Gabriel,Hoosier
406,Gabriel,Hoosier
407,Gabriel,Hoosier
408,Gabriel,Hoosier
409,Gabriel,Hoosier
410,Gabriel,Hoosier
411,Gabriel,Hoosier
412,Gabriel,Hoosier
413,Gabriel,Hoosier
414,Gabriel,Hoosier
415,Gabriel,Hoosier
416,Gabriel,Hoosier
417,Gabriel,Hoosier
418,Gabriel,Hoosier
419,Gabriel,Hoosier
420,Gabriel,Hoosier
421,Gabriel,Hoosier
422,Gabriel,Hoosier
423,Gabriel,Hoosier
424,Gabriel,Hoosier
425,Gabriel,Hoosier
426,Gabriel,Hoosier
427,Gabriel,Hoosier
428,Gabriel,Hoosier
429,Gabriel,Hoosier
430,Gabriel,Hoosier
431,Gabriel,Hoosier
432,Gabriel,Hoosier
433,Gabriel,Hoosier
434,Gabriel,Hoosier
435,Gabriel,Hoosier
436,Gabriel,Hoosier
437,Gabriel,Hoosier
438,Gabriel,Hoosier
439,Gabriel,Hoosier
440,Gabriel,Hoosier
441,Gabriel,Hoosier
442,Gabriel,Hoosier
443,Gabriel,Hoosier
444,Gabriel,Hoosier
445,Gabriel,Hoosier
446,Gabriel,Hoosier
447,Gabriel,Hoosier
448,Gabriel,Hoosier
449,Gabriel,Hoosier
450,Gabriel,Hoosier
451,Gabriel,Hoosier
452,Gabriel,Hoosier
453,Gabriel,Hoosier
454,Gabriel,Hoosier
455,Gabriel,Hoosier
456,Gabriel,Hoosier
457,Gabriel,Hoosier
458,Gabriel,Hoosier
459,Gabriel,Hoosier
460,Gabriel,Hoosier
461,Gabriel,Hoosier
462,Gabriel,Hoosier
463,Gabriel,Hoosier
464,Gabriel,Hoosier
465,Gabriel,Hoosier
466,Gabriel,Hoosier
467,Gabriel,Hoosier
468,Gabriel,Hoosier
469,Gabriel,Hoosier
470,Gabriel,Hoosier
471,Gabriel,Hoosier
472,Gabriel,Hoosier
473,Gabriel,Hoosier
474,Gabriel,Hoosier
475,Gabriel,Hoosier
476,Gabriel,Hoosier
477,Gabriel,Hoosier
478,Gabriel,Hoosier
479,Gabriel,Hoosier
480,Gabriel,Hoosier
481,Gabriel,Hoosier
482,Gabriel,Hoosier
483,Gabriel,Hoosier
484,Gabriel,Hoosier
485,Gabriel,Hoosier
486,Gabriel,Hoosier
487,Gabriel,Hoosier
488,Gabriel,Hoosier
489,Gabriel,Hoosier
490,Gabriel,Hoosier
491,Gabriel,Hoosier
492,Gabriel,Hoosier
493,Gabriel,Hoosier
494,Gabriel,Hoosier
495,Gabriel,Hoosier
496,Gabriel,Hoosier
497,Gabriel,Hoosier
498,Gabriel,Hoosier
499,Gabriel,Hoosier
500,Gabriel,Hoosier
501,Gabriel,Hoosier
502,Gabriel,Hoosier
503,Gabriel,Hoosier
504,Gabriel,Hoosier
505,Gabriel,Hoosier
506,Gabriel,Hoosier
507,Gabriel,Hoosier
508,Gabriel,Hoosier
509,Gabriel,Hoosier
510,Gabriel,Hoosier
511,Gabriel,Hoosier
512,Gabriel,Hoosier
513,Gabriel,Hoosier
514,Gabriel,Hoosier
515,Gabriel,Hoosier
516,Gabriel,Hoosier
517,Gabriel,Hoosier
518,Gabriel,Hoosier
519,Gabriel,Hoosier
520,Gabriel,Hoosier
521,Gabriel,Hoosier
522,Gabriel,Hoosier
523,Gabriel,Hoosier
524,Gabriel,Hoosier
525,Gabriel,Hoosier
526,Gabriel,Hoosier
527,Gabriel,Hoosier
528,Gabriel,Hoosier
529,Gabriel,Hoosier
530,Gabriel,Hoosier
531,Gabriel,Hoosier
532,Gabriel,Hoosier
533,Gabriel,Hoosier
534,Gabriel,Hoosier
535,Gabriel,Hoosier
536,Gabriel,Hoosier
537,Gabriel,Hoosier
538,Gabriel,Hoosier
539,Gabriel,Hoosier
540,Gabriel,Hoosier
541,Gabriel,Hoosier
542,Gabriel,Hoosier
543,Gabriel,Hoosier
544,Gabriel,Hoosier
545,Gabriel,Hoosier
546,Gabriel,Hoosier
547,Gabriel,Hoosier
548,Gabriel,Hoosier
549,Gabriel,Hoosier
550,Gabriel,Hoosier
551,Gabriel,Hoosier
552,Gabriel,Hoosier
553,Gabriel,Hoosier
554,Gabriel,Hoosier
555,Gabriel,Hoosier
556,Gabriel,Hoosier
557,Gabriel,Hoosier
558,Gabriel,Hoosier
559,Gabriel,Hoosier
560,Gabriel,Hoosier
561,Gabriel,Hoosier
562,Gabriel,Hoosier
563,Gabriel,Hoosier
564,Gabriel,Hoosier
565,Gabriel,Hoosier
566,Gabriel,Hoosier
567,Gabriel,Hoosier
568,Gabriel,Hoosier
569,Gabriel,Hoosier
570,Gabriel,Hoosier
571,Gabriel,Hoosier
572,Gabriel,Hoosier
573,Gabriel,Hoosier
574,Gabriel,Hoosier
575,Gabriel,Hoosier
576,Gabriel,Hoosier
577,Gabriel,Hoosier
578,Gabriel,Hoosier
579,Gabriel,Hoosier
580,Gabriel,Hoosier
581,Gabriel,Hoosier
582,Gabriel,Hoosier
583,Gabriel,Hoosier
584,Gabriel,Hoosier
585,Gabriel,Hoosier
586,Gabriel,Hoosier
587,Gabriel,Hoosier
588,Gabriel,Hoosier
589,Gabriel,Hoosier
590,Gabriel,Hoosier
591,Gabriel,Hoosier
592,Gabriel,Hoosier
593,Gabriel,Hoosier
594,Gabriel,Hoosier
595,Gabriel,Hoosier
596,Gabriel,Hoosier
597,Gabriel,Hoosier
598,Gabriel,Hoosier
599,Gabriel,Hoosier
600,Gabriel,Hoosier
601,Gabriel,Hoosier
602,Gabriel,Hoosier
603,Gabriel,Hoosier
604,Gabriel,Hoosier
605,Gabriel,Hoosier
606,Gabriel,Hoosier
607,Gabriel,Hoosier
608,Gabriel,Hoosier
609,Gabriel,Hoosier
610,Gabriel,Hoosier
611,Gabriel,Hoosier
612,Gabriel,Hoosier
613,Gabriel,Hoosier
614,Gabriel,Hoosier
615,Gabriel,Hoosier
616,Gabriel,Hoosier
617,Gabriel,Hoosier
618,Gabriel,Hoosier
619,Gabriel,Hoosier
620,Gabriel,Hoosier
621,Gabriel,Hoosier
622,Gabriel,Hoosier
623,Gabriel,Hoosier
624,Gabriel,Hoosier
625,Gabriel,Hoosier
626,Gabriel,Hoosier
627,Gabriel,Hoosier
628,Gabriel,Hoosier
629,Gabriel,Hoosier
630,Gabriel,Hoosier
631,Gabriel,Hoosier
632,Gabriel,Hoosier
633,Gabriel,Hoosier
634,Gabriel,Hoosier
635,Gabriel,Hoosier
636,Gabriel,Hoosier
637,Gabriel,Hoosier
638,Gabriel,Hoosier
639,Gabriel,Hoosier
640,Gabriel,Hoosier
641,Gabriel,Hoosier
642,Gabriel,Hoosier
643,Gabriel,Hoosier
644,Gabriel,Hoosier
645,Gabriel,Hoosier
646,Gabriel,Hoosier
647,Gabriel,Hoosier
648,Gabriel,Hoosier
649,Gabriel,Hoosier
650,Gabriel,Hoosier
651,Gabriel,Hoosier
652,Gabriel,Hoosier
653,Gabriel,Hoosier
654,Gabriel,Hoosier
655,Gabriel,Hoosier
656,Gabriel,Hoosier
657,Gabriel,Hoosier
658,Gabriel,Hoosier
659,Gabriel,Hoosier
660,Gabriel,Hoosier
661,Gabriel,Hoosier
662,Gabriel,Hoosier
663,Gabriel,Hoosier
664,Gabriel,Hoosier
665,Gabriel,Hoosier
666,Gabriel,Hoosier
667,Gabriel,Hoosier
668,Gabriel,Hoosier
669,Gabriel,Hoosier
670,Gabriel,Hoosier
671,Gabriel,Hoosier
672,Gabriel,Hoosier
673,Gabriel,Hoosier
674,Gabriel,Hoosier
675,Gabriel,Hoosier
676,Gabriel,Hoosier
677,Gabriel,Hoosier
678,Gabriel,Hoosier
679,Gabriel,Hoosier
680,Gabriel,Hoosier
681,Gabriel,Hoosier
682,Gabriel,Hoosier
683,Gabriel,Hoosier
684,Gabriel,Hoosier
685,Gabriel,Hoosier
686,Gabriel,Hoosier
687,Gabriel,Hoosier
688,Gabriel,Hoosier
689,Gabriel,Hoosier
690,Gabriel,Hoosier
691,Gabriel,Hoosier
692,Gabriel,Hoosier
693,Gabriel,Hoosier
694,Gabriel,Hoosier
695,Gabriel,Hoosier
696,Gabriel,Hoosier
697,Gabriel,Hoosier
698,Gabriel,Hoosier
699,Gabriel,Hoosier
700,Gabriel,Hoosier
701,Gabriel,Hoosier
702,Gabriel,Hoosier
703,Gabriel,Hoosier
704,Gabriel,Hoosier
705,Gabriel,Hoosier
706,Gabriel,Hoosier
707,Gabriel,Hoosier
708,Gabriel,Hoosier
709,Gabriel,Hoosier
710,Gabriel,Hoosier
711,Gabriel,Hoosier
712,Gabriel,Hoosier
713,Gabriel,Hoosier
714,Gabriel,Hoosier
715,Gabriel,Hoosier
716,Gabriel,Hoosier
717,Gabriel,Hoosier
718,Gabriel,Hoosier
719,Gabriel,Hoosier
720,Gabriel,Hoosier
721,Gabriel,Hoosier
722,Gabriel,Hoosier
723,Gabriel,Hoosier
724,Gabriel,Hoosier
725,Gabriel,Hoosier
726,Gabriel,Hoosier
727,Gabriel,Hoosier
728,Gabriel,Hoosier
729,Gabriel,Hoosier
730,Gabriel,Hoosier
731,Gabriel,Hoosier
732,Gabriel,Hoosier
733,Gabriel,Hoosier
734,Gabriel,Hoosier
735,Gabriel,Hoosier
736,Gabriel,Hoosier
737,Gabriel,Hoosier
738,Gabriel,Hoosier
739,Gabriel,Hoosier
740,Gabriel,Hoosier
741,Gabriel,Hoosier
742,Gabriel,Hoosier
743,Gabriel,Hoosier
744,Gabriel,Hoosier
745,Gabriel,Hoosier
746,Gabriel,Hoosier
747,Gabriel,Hoosier
748,Gabriel,Hoosier
749,Gabriel,Hoosier
750,Gabriel,Hoosier
751,Gabriel,Hoosier
752,Gabriel,Hoosier
753,Gabriel,Hoosier
754,Gabriel,Hoosier
755,Gabriel,Hoosier
756,Gabriel,Hoosier
757,Gabriel,Hoosier
758,Gabriel,Hoosier
759,Gabriel,Hoosier
760,Gabriel,Hoosier
761,Gabriel,Hoosier
762,Gabriel,Hoosier
763,Gabriel,Hoosier
764,Gabriel,Hoosier
765,Gabriel,Hoosier
766,Gabriel,Hoosier
767,Gabriel,Hoosier
768,Gabriel,Hoosier
769,Gabriel,Hoosier
770,Gabriel,Hoosier
771,Gabriel,Hoosier
772,Gabriel,Hoosier
773,Gabriel,Hoosier
774,Gabriel,Hoosier
775,Gabriel,Hoosier
776,Gabriel,Hoosier
777,Gabriel,Hoosier
778,Gabriel,Hoosier
779,Gabriel,Hoosier
780,Gabriel,Hoosier
781,Gabriel,Hoosier
782,Gabriel,Hoosier
783,Gabriel,Hoosier
784,Gabriel,Hoosier
785,Gabriel,Hoosier
786,Gabriel,Hoosier
787,Gabriel,Hoosier
788,Gabriel,Hoosier
789,Gabriel,Hoosier
790,Gabriel,Hoosier
791,Gabriel,Hoosier
792,Gabriel,Hoosier
793,Gabriel,Hoosier
794,Gabriel,Hoosier
795,Gabriel,Hoosier
796,Gabriel,Hoosier
797,Gabriel,Hoosier
798,Gabriel,Hoosier
799,Gabriel,Hoosier
800,Gabriel,Hoosier
801,Gabriel,Hoosier
802,Gabriel,Hoosier
803,Gabriel,Hoosier
804,Gabriel,Hoosier
805,Gabriel,Hoosier
806,Gabriel,Hoosier
807,Gabriel,Hoosier
808,Gabriel,Hoosier
809,Gabriel,Hoosier
810,Gabriel,Hoosier
811,Gabriel,Hoosier
812,Gabriel,Hoosier
813,Gabriel,Hoosier
814,Gabriel,Hoosier
815,Gabriel,Hoosier
816,Gabriel,Hoosier
817,Gabriel,Hoosier
818,Gabriel,Hoosier
819,Gabriel,Hoosier
820,Gabriel,Hoosier
821,Gabriel,Hoosier
822,Gabriel,Hoosier
823,Gabriel,Hoosier
824,Gabriel,Hoosier
825,Gabriel,Hoosier
826,Gabriel,Hoosier
827,Gabriel,Hoosier
828,Gabriel,Hoosier
829,Gabriel,Hoosier
830,Gabriel,Hoosier
831,Gabriel,Hoosier
832,Gabriel,Hoosier
833,Gabriel,Hoosier
834,Gabriel,Hoosier
835,Gabriel,Hoosier
836,Gabriel,Hoosier
837,Gabriel,Hoosier
838,Gabriel,Hoosier
839,Gabriel,Hoosier
840,Gabriel,Hoosier
841,Gabriel,Hoosier
842,Gabriel,Hoosier
843,Gabriel,Hoosier
844,Gabriel,Hoosier
845,Gabriel,Hoosier
846,Gabriel,Hoosier
847,Gabriel,Hoosier
848,Gabriel,Hoosier
849,Gabriel,Hoosier
850,Gabriel,Hoosier
851,Gabriel,Hoosier
852,Gabriel,Hoosier
853,Gabriel,Hoosier
854,Gabriel,Hoosier
855,Gabriel,Hoosier
856,Gabriel,Hoosier
857,Gabriel,Hoosier
858,Gabriel,Hoosier
859,Gabriel,Hoosier
860,Gabriel,Hoosier
861,Gabriel,Hoosier
862,Gabriel,Hoosier
863,Gabriel,Hoosier
864,Gabriel,Hoosier
865,Gabriel,Hoosier
866,Gabriel,Hoosier
867,Gabriel,Hoosier
868,Gabriel,Hoosier
869,Gabriel,Hoosier
870,Gabriel,Hoosier
871,Gabriel,Hoosier
872,Gabriel,Hoosier
873,Gabriel,Hoosier
874,Gabriel,Hoosier
875,Gabriel,Hoosier
876,Gabriel,Hoosier
877,Gabriel,Hoosier
878,Gabriel,Hoosier
879,Gabriel,Hoosier
880,Gabriel,Hoosier
881,Gabriel,Hoosier
882,Gabriel,Hoosier
883,Gabriel,Hoosier
884,Gabriel,Hoosier
885,Gabriel,Hoosier
886,Gabriel,Hoosier
887,Gabriel,Hoosier
888,Gabriel,Hoosier
889,Gabriel,Hoosier
890,Gabriel,Hoosier
891,Gabriel,Hoosier
892,Gabriel,Hoosier
893,Gabriel,Hoosier
894,Gabriel,Hoosier
895,Gabriel,Hoosier
896,Gabriel,Hoosier
897,Gabriel,Hoosier
898,Gabriel,Hoosier
899,Gabriel,Hoosier
900,Gabriel,Hoosier
901,Gabriel,Hoosier
902,Gabriel,Hoosier
903,Gabriel,Hoosier
904,Gabriel,Hoosier
905,Gabriel,Hoosier
906,Gabriel,Hoosier
907,Gabriel,Hoosier
908,Gabriel,Hoosier
909,Gabriel,Hoosier
910,Gabriel,Hoosier
911,Gabriel,Hoosier
912,Gabriel,Hoosier
913,Gabriel,Hoosier
914,Gabriel,Hoosier
915,Gabriel,Hoosier
916,Gabriel,Hoosier
917,Gabriel,Hoosier
918,Gabriel,Hoosier
919,Gabriel,Hoosier
920,Gabriel,Hoosier
921,Gabriel,Hoosier
922,Gabriel,Hoosier
923,Gabriel,Hoosier
924,Gabriel,Hoosier
925,Gabriel,Hoosier
926,Gabriel,Hoosier
927,Gabriel,Hoosier
928,Gabriel,Hoosier
929,Gabriel,Hoosier
930,Gabriel,Hoosier
931,Gabriel,Hoosier
932,Gabriel,Hoosier
933,Gabriel,Hoosier
934,Gabriel,Hoosier
935,Gabriel,Hoosier
936,Gabriel,Hoosier
937,Gabriel,Hoosier
938,Gabriel,Hoosier
939,Gabriel,Hoosier
940,Gabriel,Hoosier
941,Gabriel,Hoosier
942,Gabriel,Hoosier
943,Gabriel,Hoosier
944,Gabriel,Hoosier
945,Gabriel,Hoosier
946,Gabriel,Hoosier
947,Gabriel,Hoosier
948,Gabriel,Hoosier
949,Gabriel,Hoosier
950,Gabriel,Hoosier
951,Gabriel,Hoosier
952,Gabriel,Hoosier
953,Gabriel,Hoosier
954,Gabriel,Hoosier
955,Gabriel,Hoosier
956,Gabriel,Hoosier
957,Gabriel,Hoosier
958,Gabriel,Hoosier
959,Gabriel,Hoosier
960,Gabriel,Hoosier
961,Gabriel,Hoosier
962,Gabriel,Hoosier
963,Gabriel,Hoosier
964,Gabriel,Hoosier
965,Gabriel,Hoosier
966,Gabriel,Hoosier
967,Gabriel,Hoosier
968,Gabriel,Hoosier
969,Gabriel,Hoosier
970,Gabriel,Hoosier
971,Gabriel,Hoosier
972,Gabriel,Hoosier
973,Gabriel,Hoosier
974,Gabriel,Hoosier
975,Gabriel,Hoosier
976,Gabriel,Hoosier
977,Gabriel,Hoosier
978,Gabriel,Hoosier
979,Gabriel,Hoosier
980,Gabriel,Hoosier
981,Gabriel,Hoosier
982,Gabriel,Hoosier
983,Gabriel,Hoosier
984,Gabriel,Hoosier
985,Gabriel,Hoosier
986,Gabriel,Hoosier
987,Gabriel,Hoosier
988,Gabriel,Hoosier
989,Gabriel,Hoosier
990,Gabriel,Hoosier
991,Gabriel,Hoosier
992,Gabriel,Hoosier
993,Gabriel,Hoosier
994,Gabriel,Hoosier
995,Gabriel,Hoosier
996,Gabriel,Hoosier
997,Gabriel,Hoosier
998,Gabriel,Hoosier
999,Gabriel,Hoosier
1000,Gabriel,Hoosier
1001,Gabriel,Hoosier
1002,Gabriel,Hoosier
1003,Gabriel,Hoosier
1004,Gabriel,Hoosier
1005,Gabriel,Hoosier
1006,Gabriel,Hoosier
1007,Gabriel,Hoosier
1008,Gabriel,Hoosier
1009,Gabriel,Hoosier
1010,Gabriel,Hoosier
1011,Gabriel,Hoosier
1012,Gabriel,Hoosier
1013,Gabriel,Hoosier
1014,Gabriel,Hoosier
1015,Gabriel,Hoosier
1016,Gabriel,Hoosier
1017,Gabriel,Hoosier
1018,Gabriel,Hoosier
1019,Gabriel,Hoosier
1020,Gabriel,Hoosier
1021,Gabriel,Hoosier
1022,Gabriel,Hoosier
1023,Gabriel,Hoosier
1024,Gabriel,Hoosier
1025,Gabriel,Hoosier
1026,Gabriel,Hoosier
1027,Gabriel,Hoosier
1028,Gabriel,Hoosier
1029,Gabriel,Hoosier
1030,Gabriel,Hoosier
1031,Gabriel,Hoosier
1032,Gabriel,Hoosier
1033,Gabriel,Hoosier
1034,Gabriel,Hoosier
1035,Gabriel,Hoosier
1036,Gabriel,Hoosier
1037,Gabriel,Hoosier
1038,Gabriel,Hoosier
1039,Gabriel,Hoosier
1040,Gabriel,Hoosier
1041,Gabriel,Hoosier
1042,Gabriel,Hoosier
1043,Gabriel,Hoosier
1044,Gabriel,Hoosier
1045,Gabriel,Hoosier
1046,Gabriel,Hoosier
1047,Gabriel,Hoosier
1048,Gabriel,Hoosier
1049,Gabriel,Hoosier
1050,Gabriel,Hoosier
1051,Gabriel,Hoosier
1052,Gabriel,Hoosier
1053,Gabriel,Hoosier
1054,Gabriel,Hoosier
1055,Gabriel,Hoosier
1056,Gabriel,Hoosier
1057,Gabriel,Hoosier
1058,Gabriel,Hoosier
1059,Gabriel,Hoosier
1060,Gabriel,Hoosier
1061,Gabriel,Hoosier
1062,Gabriel,Hoosier
1063,Gabriel,Hoosier
1064,Gabriel,Hoosier
1065,Gabriel,Hoosier
1066,Gabriel,Hoosier
1067,Gabriel,Hoosier
1068,Gabriel,Hoosier
1069,Gabriel,Hoosier
1070,Gabriel,Hoosier
1071,Gabriel,Hoosier
1072,Gabriel,Hoosier
1073,Gabriel,Hoosier
1074,Gabriel,Hoosier
1075,Gabriel,Hoosier
1076,Gabriel,Hoosier
1077,Gabriel,Hoosier
1078,Gabriel,Hoosier
1079,Gabriel,Hoosier
1080,Gabriel,Hoosier
1081,Gabriel,Hoosier
1082,Gabriel,Hoosier
1083,Gabriel,Hoosier
1084,Gabriel,Hoosier
1085,Gabriel,Hoosier
1086,Gabriel,Hoosier
1087,Gabriel,Hoosier
1088,Gabriel,Hoosier
1089,Gabriel,Hoosier
1090,Gabriel,Hoosier
1091,Gabriel,Hoosier
1092,Gabriel,Hoosier
1093,Gabriel,Hoosier
1094,Gabriel,Hoosier
1095,Gabriel,Hoosier
1096,Gabriel,Hoosier
1097,Gabriel,Hoosier
1098,Gabriel,Hoosier
1099,Gabriel,Hoosier
1100,Gabriel,Hoosier
1101,Gabriel,Hoosier
1102,Gabriel,Hoosier
1103,Gabriel,Hoosier
1104,Gabriel,Hoosier
1105,Gabriel,Hoosier
1106,Gabriel,Hoosier
1107,Gabriel,Hoosier
1108,Gabriel,Hoosier
1109,Gabriel,Hoosier
1110,Gabriel,Hoosier
1111,Gabriel,Hoosier
1112,Gabriel,Hoosier
1113,Gabriel,Hoosier
1114,Gabriel,Hoosier
1115,Gabriel,Hoosier
1116,Gabriel,Hoosier
1117,Gabriel,Hoosier
1118,Gabriel,Hoosier
1119,Gabriel,Hoosier
1120,Gabriel,Hoosier
1121,Gabriel,Hoosier
1122,Gabriel,Hoosier
1123,Gabriel,Hoosier
1124,Gabriel,Hoosier
1125,Gabriel,Hoosier
1126,Gabriel,Hoosier
1127,Gabriel,Hoosier
1128,Gabriel,Hoosier
1129,Gabriel,Hoosier
1130,Gabriel,Hoosier
1131,Gabriel,Hoosier
1132,Gabriel,Hoosier
1133,Gabriel,Hoosier
1134,Gabriel,Hoosier
1135,Gabriel,Hoosier
1136,Gabriel,Hoosier
1137,Gabriel,Hoosier
1138,Gabriel,Hoosier
1139,Gabriel,Hoosier
1140,Gabriel,Hoosier
1141,Gabriel,Hoosier
1142,Gabriel,Hoosier
1143,Gabriel,Hoosier
1144,Gabriel,Hoosier
1145,Gabriel,Hoosier
1146,Gabriel,Hoosier
1147,Gabriel,Hoosier
1148,Gabriel,Hoosier
1149,Gabriel,Hoosier
1150,Gabriel,Hoosier
1151,Gabriel,Hoosier
1152,Gabriel,Hoosier
1153,Gabriel,Hoosier
1154,Gabriel,Hoosier
1155,Gabriel,Hoosier
1156,Gabriel,Hoosier
1157,Gabriel,Hoosier
1158,Gabriel,Hoosier
1159,Gabriel,Hoosier
1160,Gabriel,Hoosier
1161,Gabriel,Hoosier
1162,Gabriel,Hoosier
1163,Gabriel,Hoosier
1164,Gabriel,Hoosier
1165,Gabriel,Hoosier
1166,Gabriel,Hoosier
1167,Gabriel,Hoosier
1168,Gabriel,Hoosier
1169,Gabriel,Hoosier
1170,Gabriel,Hoosier
1171,Gabriel,Hoosier
1172,Gabriel,Hoosier
1173,Gabriel,Hoosier
1174,Gabriel,Hoosier
1175,Gabriel,Hoosier
1176,Gabriel,Hoosier
1177,Gabriel,Hoosier
1178,Gabriel,Hoosier
1179,Gabriel,Hoosier
1180,Gabriel,Hoosier
1181,Gabriel,Hoosier
1182,Gabriel,Hoosier
1183,Gabriel,Hoosier
1184,Gabriel,Hoosier
1185,Gabriel,Hoosier
1186,Gabriel,Hoosier
1187,Gabriel,Hoosier
1188,Gabriel,Hoosier
1189,Gabriel,Hoosier
1190,Gabriel,Hoosier
1191,Gabriel,Hoosier
1192,Gabriel,Hoosier
1193,Gabriel,Hoosier
1194,Gabriel,Hoosier
1195,Gabriel,Hoosier
1196,Gabriel,Hoosier
1197,Gabriel,Hoosier
1198,Gabriel,Hoosier
1199,Gabriel,Hoosier
1200,Gabriel,Hoosier
1201,Gabriel,Hoosier
1202,Gabriel,Hoosier
1203,Gabriel,Hoosier
1204,Gabriel,Hoosier
1205,Gabriel,Hoosier
1206,Gabriel,Hoosier
1207,Gabriel,Hoosier
1208,Gabriel,Hoosier
1209,Gabriel,Hoosier
1210,Gabriel,Hoosier
1211,Gabriel,Hoosier
1212,Gabriel,Hoosier
1213,Gabriel,Hoosier
1214,Gabriel,Hoosier
1215,Gabriel,Hoosier
1216,Gabriel,Hoosier
1217,Gabriel,Hoosier
1218,Gabriel,Hoosier
1219,Gabriel,Hoosier
1220,Gabriel,Hoosier
1221,Gabriel,Hoosier
1222,Gabriel,Hoosier
1223,Gabriel,Hoosier
1224,Gabriel,Hoosier
1225,Gabriel,Hoosier
1226,Gabriel,Hoosier
1227,Gabriel,Hoosier
1228,Gabriel,Hoosier
1229,Gabriel,Hoosier
1230,Gabriel,Hoosier
1231,Gabriel,Hoosier
1232,Gabriel,Hoosier
1233,Gabriel,Hoosier
1234,Gabriel,Hoosier
1235,Gabriel,Hoosier
1236,Gabriel,Hoosier
1237,Gabriel,Hoosier
1238,Gabriel,Hoosier
1239,Gabriel,Hoosier
1240,Gabriel,Hoosier
1241,Gabriel,Hoosier
1242,Gabriel,Hoosier
1243,Gabriel,Hoosier
1244,Gabriel,Hoosier
1245,Gabriel,Hoosier
1246,Gabriel,Hoosier
1247,Gabriel,Hoosier
1248,Gabriel,Hoosier
1249,Gabriel,Hoosier
1250,Gabriel,Hoosier
1251,Gabriel,Hoosier
1252,Gabriel,Hoosier
1253,Gabriel,Hoosier
1254,Gabriel,Hoosier
1255,Gabriel,Hoosier
1256,Gabriel,Hoosier
1257,Gabriel,Hoosier
1258,Gabriel,Hoosier
1259,Gabriel,Hoosier
1260,Gabriel,Hoosier
1261,Gabriel,Hoosier
1262,Gabriel,Hoosier
1263,Gabriel,Hoosier
1264,Gabriel,Hoosier
1265,Gabriel,Hoosier
1266,Gabriel,Hoosier
1267,Gabriel,Hoosier
1268,Gabriel,Hoosier
1269,Gabriel,Hoosier
1270,Gabriel,Hoosier
1271,Gabriel,Hoosier
1272,Gabriel,Hoosier
1273,Gabriel,Hoosier
1274,Gabriel,Hoosier
1275,Gabriel,Hoosier
1276,Gabriel,Hoosier
1277,Gabriel,Hoosier
1278,Gabriel,Hoosier
1279,Gabriel,Hoosier
1280,Gabriel,Hoosier
1281,Gabriel,Hoosier
1282,Gabriel,Hoosier
1283,Gabriel,Hoosier
1284,Gabriel,Hoosier
1285,Gabriel,Hoosier
1286,Gabriel,Hoosier
1287,Gabriel,Hoosier
1288,Gabriel,Hoosier
1289,Gabriel,Hoosier
1290,Gabriel,Hoosier
1291,Gabriel,Hoosier
1292,Gabriel,Hoosier
1293,Gabriel,Hoosier
1294,Gabriel,Hoosier
1295,Gabriel,Hoosier
1296,Gabriel,Hoosier
1297,Gabriel,Hoosier
1298,Gabriel,Hoosier
1299,Gabriel,Hoosier
1300,Gabriel,Hoosier
1301,Gabriel,Hoosier
1302,Gabriel,Hoosier
1303,Gabriel,Hoosier
1304,Gabriel,Hoosier
1305,Gabriel,Hoosier
1306,Gabriel,Hoosier
1307,Gabriel,Hoosier
1308,Gabriel,Hoosier
1309,Gabriel,Hoosier
1310,Gabriel,Hoosier
1311,Gabriel,Hoosier
1312,Gabriel,Hoosier
1313,Gabriel,Hoosier
1314,Gabriel,Hoosier
1315,Gabriel,Hoosier
1316,Gabriel,Hoosier
1317,Gabriel,Hoosier
1318,Gabriel,Hoosier
1319,Gabriel,Hoosier
1320,Gabriel,Hoosier
1321,Gabriel,Hoosier
1322,Gabriel,Hoosier
1323,Gabriel,Hoosier
1324,Gabriel,Hoosier
1325,Gabriel,Hoosier
1326,Gabriel,Hoosier
1327,Gabriel,Hoosier
1328,Gabriel,Hoosier
1329,Gabriel,Hoosier
1330,Gabriel,Hoosier
1331,Gabriel,Hoosier
1332,Gabriel,Hoosier
1333,Gabriel,Hoosier
1334,Gabriel,Hoosier
1335,Gabriel,Hoosier
1336,Gabriel,Hoosier
1337,Gabriel,Hoosier
1338,Gabriel,Hoosier
1339,Gabriel,Hoosier
1340,Gabriel,Hoosier
1341,Gabriel,Hoosier
1342,Gabriel,Hoosier
1343,Gabriel,Hoosier
1344,Gabriel,Hoosier
1345,Gabriel,Hoosier
1346,Gabriel,Hoosier
1347,Gabriel,Hoosier
1348,Gabriel,Hoosier
1349,Gabriel,Hoosier
1350,Gabriel,Hoosier
1351,Gabriel,Hoosier
1352,Gabriel,Hoosier
1353,Gabriel,Hoosier
1354,Gabriel,Hoosier
1355,Gabriel,Hoosier
1356,Gabriel,Hoosier
1357,Gabriel,Hoosier
1358,Gabriel,Hoosier
1359,Gabriel,Hoosier
1360,Gabriel,Hoosier
1361,Gabriel,Hoosier
1362,Gabriel,Hoosier
1363,Gabriel,Hoosier
1364,Gabriel,Hoosier
1365,Gabriel,Hoosier
1366,Gabriel,Hoosier
1367,Gabriel,Hoosier
1368,Gabriel,Hoosier
1369,Gabriel,Hoosier
1370,Gabriel,Hoosier
1371,Gabriel,Hoosier
1372,Gabriel,Hoosier
1373,Gabriel,Hoosier
1374,Gabriel,Hoosier
1375,Gabriel,Hoosier
1376,Gabriel,Hoosier
1377,Gabriel,Hoosier
1378,Gabriel,Hoosier
1379,Gabriel,Hoosier
1380,Gabriel,Hoosier
1381,Gabriel,Hoosier
1382,Gabriel,Hoosier
1383,Gabriel,Hoosier
1384,Gabriel,Hoosier
1385,Gabriel,Hoosier
1386,Gabriel,Hoosier
1387,Gabriel,Hoosier
1388,Gabriel,Hoosier
1389,Gabriel,Hoosier
1390,Gabriel,Hoosier
1391,Gabriel,Hoosier
1392,Gabriel,Hoosier
1393,Gabriel,Hoosier
1394,Gabriel,Hoosier
1395,Gabriel,Hoosier
1396,Gabriel,Hoosier
1397,Gabriel,Hoosier
1398,Gabriel,Hoosier
1399,Gabriel,Hoosier
1400,Gabriel,Hoosier
1401,Gabriel,Hoosier
1402,Gabriel,Hoosier
1403,Gabriel,Hoosier
1404,Gabriel,Hoosier
1405,Gabriel,Hoosier
1406,Gabriel,Hoosier
1407,Gabriel,Hoosier
1408,Gabriel,Hoosier
1409,Gabriel,Hoosier
1410,Gabriel,Hoosier
1411,Gabriel,Hoosier
1412,Gabriel,Hoosier
1413,Gabriel,Hoosier
1414,Gabriel,Hoosier
1415,Gabriel,Hoosier
1416,Gabriel,Hoosier
1417,Gabriel,Hoosier
1418,Gabriel,Hoosier
1419,Gabriel,Hoosier
1420,Gabriel,Hoosier
1421,Gabriel,Hoosier
1422,Gabriel,Hoosier
1423,Gabriel,Hoosier
1424,Gabriel,Hoosier
1425,Gabriel,Hoosier
1426,Gabriel,Hoosier
1427,Gabriel,Hoosier
1428,Gabriel,Hoosier
1429,Gabriel,Hoosier
1430,Gabriel,Hoosier
1431,Gabriel,Hoosier
1432,Gabriel,Hoosier
1433,Gabriel,Hoosier
1434,Gabriel,Hoosier
1435,Gabriel,Hoosier
1436,Gabriel,Hoosier
1437,Gabriel,Hoosier
1438,Gabriel,Hoosier
1439,Gabriel,Hoosier
1440,Gabriel,Hoosier
1441,Gabriel,Hoosier
1442,Gabriel,Hoosier
1443,Gabriel,Hoosier
1444,Gabriel,Hoosier
1445,Gabriel,Hoosier
1446,Gabriel,Hoosier
1447,Gabriel,Hoosier
1448,Gabriel,Hoosier
1449,Gabriel,Hoosier
1450,Gabriel,Hoosier
1451,Gabriel,Hoosier
1452,Gabriel,Hoosier
1453,Gabriel,Hoosier
1454,Gabriel,Hoosier
1455,Gabriel,Hoosier
1456,Gabriel,Hoosier
1457,Gabriel,Hoosier
1458,Gabriel,Hoosier
1459,Gabriel,Hoosier
1460,Gabriel,Hoosier
1461,Gabriel,Hoosier
1462,Gabriel,Hoosier
1463,Gabriel,Hoosier
1464,Gabriel,Hoosier
1465,Gabriel,Hoosier
1466,Gabriel,Hoosier
1467,Gabriel,Hoosier
1468,Gabriel,Hoosier
1469,Gabriel,Hoosier
1470,Gabriel,Hoosier
1471,Gabriel,Hoosier
1472,Gabriel,Hoosier
1473,Gabriel,Hoosier
1474,Gabriel,Hoosier
1475,Gabriel,Hoosier
1476,Gabriel,Hoosier
1477,Gabriel,Hoosier
1478,Gabriel,Hoosier
1479,Gabriel,Hoosier
1480,Gabriel,Hoosier
1481,Gabriel,Hoosier
1482,Gabriel,Hoosier
1483,Gabriel,Hoosier
1484,Gabriel,Hoosier
1485,Gabriel,Hoosier
1486,Gabriel,Hoosier
1487,Gabriel,Hoosier
1488,Gabriel,Hoosier
1489,Gabriel,Hoosier
1490,Gabriel,Hoosier
1491,Gabriel,Hoosier
1492,Gabriel,Hoosier
1493,Gabriel,Hoosier
1494,Gabriel,Hoosier
1495,Gabriel,Hoosier
1496,Gabriel,Hoosier
1497,Gabriel,Hoosier
1498,Gabriel,Hoosier
1499,Gabriel,Hoosier
1500,Gabriel,Hoosier
1501,Gabriel,Hoosier
1502,Gabriel,Hoosier
1503,Gabriel,Hoosier
1504,Gabriel,Hoosier
1505,Gabriel,Hoosier
1506,Gabriel,Hoosier
1507,Gabriel,Hoosier
1508,Gabriel,Hoosier
1509,Gabriel,Hoosier
1510,Gabriel,Hoosier
1511,Gabriel,Hoosier
1512,Gabriel,Hoosier
1513,Gabriel,Hoosier
1514,Gabriel,Hoosier
1515,Gabriel,Hoosier
1516,Gabriel,Hoosier
1517,Gabriel,Hoosier
1518,Gabriel,Hoosier
1519,Gabriel,Hoosier
1520,Gabriel,Hoosier
1521,Gabriel,Hoosier
1522,Gabriel,Hoosier
1523,Gabriel,Hoosier
1524,Gabriel,Hoosier
1525,Gabriel,Hoosier
1526,Gabriel,Hoosier
1527,Gabriel,Hoosier
1528,Gabriel,Hoosier
1529,Gabriel,Hoosier
1530,Gabriel,Hoosier
1531,Gabriel,Hoosier
1532,Gabriel,Hoosier
1533,Gabriel,Hoosier
1534,Gabriel,Hoosier
1535,Gabriel,Hoosier
1536,Gabriel,Hoosier
1537,Gabriel,Hoosier
1538,Gabriel,Hoosier
1539,Gabriel,Hoosier
1540,Gabriel,Hoosier
1541,Gabriel,Hoosier
1542,Gabriel,Hoosier
1543,Gabriel,Hoosier
1544,Gabriel,Hoosier
1545,Gabriel,Hoosier
1546,Gabriel,Hoosier
1547,Gabriel,Hoosier
1548,Gabriel,Hoosier
1549,Gabriel,Hoosier
1550,Gabriel,Hoosier
1551,Gabriel,Hoosier
1552,Gabriel,Hoosier
1553,Gabriel,Hoosier
1554,Gabriel,Hoosier
1555,Gabriel,Hoosier
1556,Gabriel,Hoosier
1557,Gabriel,Hoosier
1558,Gabriel,Hoosier
1559,Gabriel,Hoosier
1560,Gabriel,Hoosier
1561,Gabriel,Hoosier
1562,Gabriel,Hoosier
1563,Gabriel,Hoosier
1564,Gabriel,Hoosier
1565,Gabriel,Hoosier
1566,Gabriel,Hoosier
1567,Gabriel,Hoosier
1568,Gabriel,Hoosier
1569,Gabriel,Hoosier
1570,Gabriel,Hoosier
1571,Gabriel,Hoosier
1572,Gabriel,Hoosier
1573,Gabriel,Hoosier
1574,Gabriel,Hoosier
1575,Gabriel,Hoosier
1576,Gabriel,Hoosier
1577,Gabriel,Hoosier
1578,Gabriel,Hoosier
1579,Gabriel,Hoosier
1580,Gabriel,Hoosier
1581,Gabriel,Hoosier
1582,Gabriel,Hoosier
1583,Gabriel,Hoosier
1584,Gabriel,Hoosier
1585,Gabriel,Hoosier
1586,Gabriel,Hoosier
1587,Gabriel,Hoosier
1588,Gabriel,Hoosier
1589,Gabriel,Hoosier
1590,Gabriel,Hoosier
1591,Gabriel,Hoosier
1592,Gabriel,Hoosier
1593,Gabriel,Hoosier
1594,Gabriel,Hoosier
1595,Gabriel,Hoosier
1596,Gabriel,Hoosier
1597,Gabriel,Hoosier
1598,Gabriel,Hoosier
1599,Gabriel,Hoosier
1600,Gabriel,Hoosier
1601,Gabriel,Hoosier
1602,Gabriel,Hoosier
1603,Gabriel,Hoosier
1604,Gabriel,Hoosier
1605,Gabriel,Hoosier
1606,Gabriel,Hoosier
1607,Gabriel,Hoosier
1608,Gabriel,Hoosier
1609,Gabriel,Hoosier
1610,Gabriel,Hoosier
1611,Gabriel,Hoosier
1612,Gabriel,Hoosier
1613,Gabriel,Hoosier
1614,Gabriel,Hoosier
1615,Gabriel,Hoosier
1616,Gabriel,Hoosier
1617,Gabriel,Hoosier
1618,Gabriel,Hoosier
1619,Gabriel,Hoosier
1620,Gabriel,Hoosier
1621,Gabriel,Hoosier
1622,Gabriel,Hoosier
1623,Gabriel,Hoosier
1624,Gabriel,Hoosier
1625,Gabriel,Hoosier
1626,Gabriel,Hoosier
1627,Gabriel,Hoosier
1628,Gabriel,Hoosier
1629,Gabriel,Hoosier
1630,Gabriel,Hoosier
1631,Gabriel,Hoosier
1632,Gabriel,Hoosier
1633,Gabriel,Hoosier
1634,Gabriel,Hoosier
1635,Gabriel,Hoosier
1636,Gabriel,Hoosier
1637,Gabriel,Hoosier
1638,Gabriel,Hoosier
1639,Gabriel,Hoosier
1640,Gabriel,Hoosier
1641,Gabriel,Hoosier
1642,Gabriel,Hoosier
1643,Gabriel,Hoosier
1644,Gabriel,Hoosier
1645,Gabriel,Hoosier
1646,Gabriel,Hoosier
1647,Gabriel,Hoosier
1648,Gabriel,Hoosier
1649,Gabriel,Hoosier
1650,Gabriel,Hoosier
1651,Gabriel,Hoosier
1652,Gabriel,Hoosier
1653,Gabriel,Hoosier
1654,Gabriel,Hoosier
1655,Gabriel,Hoosier
1656,Gabriel,Hoosier
1657,Gabriel,Hoosier
1658,Gabriel,Hoosier
1659,Gabriel,Hoosier
1660,Gabriel,Hoosier
1661,Gabriel,Hoosier
1662,Gabriel,Hoosier
1663,Gabriel,Hoosier
1664,Gabriel,Hoosier
1665,Gabriel,Hoosier
1666,Gabriel,Hoosier
1667,Gabriel,Hoosier
1668,Gabriel,Hoosier
1669,Gabriel,Hoosier
1670,Gabriel,Hoosier
1671,Gabriel,Hoosier
1672,Gabriel,Hoosier
1673,Gabriel,Hoosier
1674,Gabriel,Hoosier
1675,Gabriel,Hoosier
1676,Gabriel,Hoosier
1677,Gabriel,Hoosier
1678,Gabriel,Hoosier
1679,Gabriel,Hoosier
1680,Gabriel,Hoosier
1681,Gabriel,Hoosier
1682,Gabriel,Hoosier
1683,Gabriel,Hoosier
1684,Gabriel,Hoosier
1685,Gabriel,Hoosier
1686,Gabriel,Hoosier
1687,Gabriel,Hoosier
1688,Gabriel,Hoosier
1689,Gabriel,Hoosier
1690,Gabriel,Hoosier
1691,Gabriel,Hoosier
1692,Gabriel,Hoosier
1693,Gabriel,Hoosier
1694,Gabriel,Hoosier
1695,Gabriel,Hoosier
1696,Gabriel,Hoosier
1697,Gabriel,Hoosier
1698,Gabriel,Hoosier
1699,Gabriel,Hoosier
1700,Gabriel,Hoosier
1701,Gabriel,Hoosier
1702,Gabriel,Hoosier
1703,Gabriel,Hoosier
1704,Gabriel,Hoosier
1705,Gabriel,Hoosier
1706,Gabriel,Hoosier
1707,Gabriel,Hoosier
1708,Gabriel,Hoosier
1709,Gabriel,Hoosier
1710,Gabriel,Hoosier
1711,Gabriel,Hoosier
1712,Gabriel,Hoosier
1713,Gabriel,Hoosier
1714,Gabriel,Hoosier
1715,Gabriel,Hoosier
1716,Gabriel,Hoosier
1717,Gabriel,Hoosier
1718,Gabriel,Hoosier
1719,Gabriel,Hoosier
1720,Gabriel,Hoosier
1721,Gabriel,Hoosier
1722,Gabriel,Hoosier
1723,Gabriel,Hoosier
1724,Gabriel,Hoosier
1725,Gabriel,Hoosier
1726,Gabriel,Hoosier
1727,Gabriel,Hoosier
1728,Gabriel,Hoosier
1729,Gabriel,Hoosier
1730,Gabriel,Hoosier
1731,Gabriel,Hoosier
1732,Gabriel,Hoosier
1733,Gabriel,Hoosier
1734,Gabriel,Hoosier
1735,Gabriel,Hoosier
1736,Gabriel,Hoosier
1737,Gabriel,Hoosier
1738,Gabriel,Hoosier
1739,Gabriel,Hoosier
1740,Gabriel,Hoosier
1741,Gabriel,Hoosier
1742,Gabriel,Hoosier
1743,Gabriel,Hoosier
1744,Gabriel,Hoosier
1745,Gabriel,Hoosier
1746,Gabriel,Hoosier
1747,Gabriel,Hoosier
1748,Gabriel,Hoosier
1749,Gabriel,Hoosier
1750,Gabriel,Hoosier
1751,Gabriel,Hoosier
1752,Gabriel,Hoosier
1753,Gabriel,Hoosier
1754,Gabriel,Hoosier
1755,Gabriel,Hoosier
1756,Gabriel,Hoosier
1757,Gabriel,Hoosier
1758,Gabriel,Hoosier
1759,Gabriel,Hoosier
1760,Gabriel,Hoosier
1761,Gabriel,Hoosier
1762,Gabriel,Hoosier
1763,Gabriel,Hoosier
1764,Gabriel,Hoosier
1765,Gabriel,Hoosier
1766,Gabriel,Hoosier
1767,Gabriel,Hoosier
1768,Gabriel,Hoosier
1769,Gabriel,Hoosier
1770,Gabriel,Hoosier
1771,Gabriel,Hoosier
1772,Gabriel,Hoosier
1773,Gabriel,Hoosier
1774,Gabriel,Hoosier
1775,Gabriel,Hoosier
1776,Gabriel,Hoosier
1777,Gabriel,Hoosier
1778,Gabriel,Hoosier
1779,Gabriel,Hoosier
1780,Gabriel,Hoosier
1781,Gabriel,Hoosier
1782,Gabriel,Hoosier
1783,Gabriel,Hoosier
1784,Gabriel,Hoosier
1785,Gabriel,Hoosier
1786,Gabriel,Hoosier
1787,Gabriel,Hoosier
1788,Gabriel,Hoosier
1789,Gabriel,Hoosier
1790,Gabriel,Hoosier
1791,Gabriel,Hoosier
1792,Gabriel,Hoosier
1793,Gabriel,Hoosier
1794,Gabriel,Hoosier
1795,Gabriel,Hoosier
1796,Gabriel,Hoosier
1797,Gabriel,Hoosier
1798,Gabriel,Hoosier
1799,Gabriel,Hoosier
1800,Gabriel,Hoosier
1801,Gabriel,Hoosier
1802,Gabriel,Hoosier
1803,Gabriel,Hoosier
1804,Gabriel,Hoosier
1805,Gabriel,Hoosier
1806,Gabriel,Hoosier
1807,Gabriel,Hoosier
1808,Gabriel,Hoosier
1809,Gabriel,Hoosier
1810,Gabriel,Hoosier
1811,Gabriel,Hoosier
1812,Gabriel,Hoosier
1813,Gabriel,Hoosier
1814,Gabriel,Hoosier
1815,Gabriel,Hoosier
1816,Gabriel,Hoosier
1817,Gabriel,Hoosier
1818,Gabriel,Hoosier
1819,Gabriel,Hoosier
1820,Gabriel,Hoosier
1821,Gabriel,Hoosier
1822,Gabriel,Hoosier
1823,Gabriel,Hoosier
1824,Gabriel,Hoosier
1825,Gabriel,Hoosier
1826,Gabriel,Hoosier
1827,Gabriel,Hoosier
1828,Gabriel,Hoosier
1829,Gabriel,Hoosier
1830,Gabriel,Hoosier
1831,Gabriel,Hoosier
1832,Gabriel,Hoosier
1833,Gabriel,Hoosier
1834,Gabriel,Hoosier
1835,Gabriel,Hoosier
1836,Gabriel,Hoosier
1837,Gabriel,Hoosier
1838,Gabriel,Hoosier
1839,Gabriel,Hoosier
1840,Gabriel,Hoosier
1841,Gabriel,Hoosier
1842,Gabriel,Hoosier
1843,Gabriel,Hoosier
1844,Gabriel,Hoosier
1845,Gabriel,Hoosier
1846,Gabriel,Hoosier
1847,Gabriel,Hoosier
1848,Gabriel,Hoosier
1849,Gabriel,Hoosier
1850,Gabriel,Hoosier
1851,Gabriel,Hoosier
1852,Gabriel,Hoosier
1853,Gabriel,Hoosier
1854,Gabriel,Hoosier
1855,Gabriel,Hoosier
1856,Gabriel,Hoosier
1857,Gabriel,Hoosier
1858,Gabriel,Hoosier
1859,Gabriel,Hoosier
1860,Gabriel,Hoosier
1861,Gabriel,Hoosier
1862,Gabriel,Hoosier
1863,Gabriel,Hoosier
1864,Gabriel,Hoosier
1865,Gabriel,Hoosier
1866,Gabriel,Hoosier
1867,Gabriel,Hoosier
1868,Gabriel,Hoosier
1869,Gabriel,Hoosier
1870,Gabriel,Hoosier
1871,Gabriel,Hoosier
1872,Gabriel,Hoosier
1873,Gabriel,Hoosier
1874,Gabriel,Hoosier
1875,Gabriel,Hoosier
1876,Gabriel,Hoosier
1877,Gabriel,Hoosier
1878,Gabriel,Hoosier
1879,Gabriel,Hoosier
1880,Gabriel,Hoosier
1881,Gabriel,Hoosier
1882,Gabriel,Hoosier
1883,Gabriel,Hoosier
1884,Gabriel,Hoosier
1885,Gabriel,Hoosier
1886,Gabriel,Hoosier
1887,Gabriel,Hoosier
1888,Gabriel,Hoosier
1889,Gabriel,Hoosier
1890,Gabriel,Hoosier
1891,Gabriel,Hoosier
1892,Gabriel,Hoosier
1893,Gabriel,Hoosier
1894,Gabriel,Hoosier
1895,Gabriel,Hoosier
1896,Gabriel,Hoosier
1897,Gabriel,Hoosier
1898,Gabriel,Hoosier
1899,Gabriel,Hoosier
1900,Gabriel,Hoosier
1901,Gabriel,Hoosier
1902,Gabriel,Hoosier
1903,Gabriel,Hoosier
1904,Gabriel,Hoosier
1905,Gabriel,Hoosier
1906,Gabriel,Hoosier
1907,Gabriel,Hoosier
1908,Gabriel,Hoosier
1909,Gabriel,Hoosier
1910,Gabriel,Hoosier
1911,Gabriel,Hoosier
1912,Gabriel,Hoosier
1913,Gabriel,Hoosier
1914,Gabriel,Hoosier
1915,Gabriel,Hoosier
1916,Gabriel,Hoosier
1917,Gabriel,Hoosier
1918,Gabriel,Hoosier
1919,Gabriel,Hoosier
1920,Gabriel,Hoosier
1921,Gabriel,Hoosier
1922,Gabriel,Hoosier
1923,Gabriel,Hoosier
1924,Gabriel,Hoosier
1925,Gabriel,Hoosier
1926,Gabriel,Hoosier
1927,Gabriel,Hoosier
1928,Gabriel,Hoosier
1929,Gabriel,Hoosier
1930,Gabriel,Hoosier
1931,Gabriel,Hoosier
1932,Gabriel,Hoosier
1933,Gabriel,Hoosier
1934,Gabriel,Hoosier
1935,Gabriel,Hoosier
1936,Gabriel,Hoosier
1937,Gabriel,Hoosier
1938,Gabriel,Hoosier
1939,Gabriel,Hoosier
1940,Gabriel,Hoosier
1941,Gabriel,Hoosier
1942,Gabriel,Hoosier
1943,Gabriel,Hoosier
1944,Gabriel,Hoosier
1945,Gabriel,Hoosier
1946,Gabriel,Hoosier
1947,Gabriel,Hoosier
1948,Gabriel,Hoosier
1949,Gabriel,Hoosier
1950,Gabriel,Hoosier
1951,Gabriel,Hoosier
1952,Gabriel,Hoosier
1953,Gabriel,Hoosier
1954,Gabriel,Hoosier
1955,Gabriel,Hoosier
1956,Gabriel,Hoosier
1957,Gabriel,Hoosier
1958,Gabriel,Hoosier
1959,Gabriel,Hoosier
1960,Gabriel,Hoosier
1961,Gabriel,Hoosier
1962,Gabriel,Hoosier
1963,Gabriel,Hoosier
1964,Gabriel,Hoosier
1965,Gabriel,Hoosier
1966,Gabriel,Hoosier
1967,Gabriel,Hoosier
1968,Gabriel,Hoosier
1969,Gabriel,Hoosier
1970,Gabriel,Hoosier
1971,Gabriel,Hoosier
1972,Gabriel,Hoosier
1973,Gabriel,Hoosier
1974,Gabriel,Hoosier
1975,Gabriel,Hoosier
1976,Gabriel,Hoosier
1977,Gabriel,Hoosier
1978,Gabriel,Hoosier
1979,Gabriel,Hoosier
1980,Gabriel,Hoosier
1981,Gabriel,Hoosier
1982,Gabriel,Hoosier
1983,Gabriel,Hoosier
1984,Gabriel,Hoosier
1985,Gabriel,Hoosier
1986,Gabriel,Hoosier
1987,Gabriel,Hoosier
1988,Gabriel,Hoosier
1989,Gabriel,Hoosier
1990,Gabriel,Hoosier
1991,Gabriel,Hoosier
1992,Gabriel,Hoosier
1993,Gabriel,Hoosier
1994,Gabriel,Hoosier
1995,Gabriel,Hoosier
1996,Gabriel,Hoosier
1997,Gabriel,Hoosier
1998,Gabriel,Hoosier
1999,Gabriel,Hoosier
2000,Gabriel,Hoosier
2001,Gabriel,Hoosier
2002,Gabriel,Hoosier
2003,Gabriel,Hoosier
2004,Gabriel,Hoosier
2005,Gabriel,Hoosier
2006,Gabriel,Hoosier
2007,Gabriel,Hoosier
2008,Gabriel,Hoosier
2009,Gabriel,Hoosier
2010,Gabriel,Hoosier
2011,Gabriel,Hoosier
2012,Gabriel,Hoosier
2013,Gabriel,Hoosier
2014,Gabriel,Hoosier
2015,Gabriel,Hoosier
2016,Gabriel,Hoosier
2017,Gabriel,Hoosier
2018,Gabriel,Hoosier
2019,Gabriel,Hoosier
2020,Gabriel,Hoosier
2021,Gabriel,Hoosier
2022,Gabriel,Hoosier
2023,Gabriel,Hoosier
2024,Gabriel,Hoosier
2025,Gabriel,Hoosier
2026,Gabriel,Hoosier
2027,Gabriel,Hoosier
2028,Gabriel,Hoosier
2029,Gabriel,Hoosier
2030,Gabriel,Hoosier
2031,Gabriel,Hoosier
2032,Gabriel,Hoosier
2033,Gabriel,Hoosier
2034,Gabriel,Hoosier
2035,Gabriel,Hoosier
2036,Gabriel,Hoosier
2037,Gabriel,Hoosier
2038,Gabriel,Hoosier
2039,Gabriel,Hoosier
2040,Gabriel,Hoosier
2041,Gabriel,Hoosier
2042,Gabriel,Hoosier
2043,Gabriel,Hoosier
2044,Gabriel,Hoosier
2045,Gabriel,Hoosier
2046,Gabriel,Hoosier
2047,Gabriel,Hoosier
2048,Gabriel,Hoosier
2049,Gabriel,Hoosier
2050,Gabriel,Hoosier
2051,Gabriel,Hoosier
2052,Gabriel,Hoosier
2053,Gabriel,Hoosier
2054,Gabriel,Hoosier
2055,Gabriel,Hoosier
2056,Gabriel,Hoosier
2057,Gabriel,Hoosier
2058,Gabriel,Hoosier
2059,Gabriel,Hoosier
2060,Gabriel,Hoosier
2061,Gabriel,Hoosier
2062,Gabriel,Hoosier
2063,Gabriel,Hoosier
2064,Gabriel,Hoosier
2065,Gabriel,Hoosier
2066,Gabriel,Hoosier
2067,Gabriel,Hoosier
2068,Gabriel,Hoosier
2069,Gabriel,Hoosier
2070,Gabriel,Hoosier
2071,Gabriel,Hoosier
2072,Gabriel,Hoosier
2073,Gabriel,Hoosier
2074,Gabriel,Hoosier
2075,Gabriel,Hoosier
2076,Gabriel,Hoosier
2077,Gabriel,Hoosier
2078,Gabriel,Hoosier
2079,Gabriel,Hoosier
2080,Gabriel,Hoosier
2081,Gabriel,Hoosier
2082,Gabriel,Hoosier
2083,Gabriel,Hoosier
2084,Gabriel,Hoosier
2085,Gabriel,Hoosier
2086,Gabriel,Hoosier
2087,Gabriel,Hoosier
2088,Gabriel,Hoosier
2089,Gabriel,Hoosier
2090,Gabriel,Hoosier
2091,Gabriel,Hoosier
2092,Gabriel,Hoosier
2093,Gabriel,Hoosier
2094,Gabriel,Hoosier
2095,Gabriel,Hoosier
2096,Gabriel,Hoosier
2097,Gabriel,Hoosier
2098,Gabriel,Hoosier
2099,Gabriel,Hoosier
2100,Gabriel,Hoosier
2101,Gabriel,Hoosier
2102,Gabriel,Hoosier
2103,Gabriel,Hoosier
2104,Gabriel,Hoosier
2105,Gabriel,Hoosier
2106,Gabriel,Hoosier
2107,Gabriel,Hoosier
2108,Gabriel,Hoosier
2109,Gabriel,Hoosier
2110,Gabriel,Hoosier
2111,Gabriel,Hoosier
2112,Gabriel,Hoosier
2113,Gabriel,Hoosier
2114,Gabriel,Hoosier
2115,Gabriel,Hoosier
2116,Gabriel,Hoosier
2117,Gabriel,Hoosier
2118,Gabriel,Hoosier
2119,Gabriel,Hoosier
2120,Gabriel,Hoosier
2121,Gabriel,Hoosier
2122,Gabriel,Hoosier
2123,Gabriel,Hoosier
2124,Gabriel,Hoosier
2125,Gabriel,Hoosier
2126,Gabriel,Hoosier
2127,Gabriel,Hoosier
2128,Gabriel,Hoosier
2129,Gabriel,Hoosier
2130,Gabriel,Hoosier
2131,Gabriel,Hoosier
2132,Gabriel,Hoosier
2133,Gabriel,Hoosier
2134,Gabriel,Hoosier
2135,Gabriel,Hoosier
2136,Gabriel,Hoosier
2137,Gabriel,Hoosier
2138,Gabriel,Hoosier
2139,Gabriel,Hoosier
2140,Gabriel,Hoosier
2141,Gabriel,Hoosier
2142,Gabriel,Hoosier
2143,Gabriel,Hoosier
2144,Gabriel,Hoosier
2145,Gabriel,Hoosier
2146,Gabriel,Hoosier
2147,Gabriel,Hoosier
2148,Gabriel,Hoosier
2149,Gabriel,Hoosier
2150,Gabriel,Hoosier
2151,Gabriel,Hoosier
2152,Gabriel,Hoosier
2153,Gabriel,Hoosier
2154,Gabriel,Hoosier
2155,Gabriel,Hoosier
2156,Gabriel,Hoosier
2157,Gabriel,Hoosier
2158,Gabriel,Hoosier
2159,Gabriel,Hoosier
2160,Gabriel,Hoosier
2161,Gabriel,Hoosier
2162,Gabriel,Hoosier
2163,Gabriel,Hoosier
2164,Gabriel,Hoosier
2165,Gabriel,Hoosier
2166,Gabriel,Hoosier
2167,Gabriel,Hoosier
2168,Gabriel,Hoosier
2169,Gabriel,Hoosier
2170,Gabriel,Hoosier
2171,Gabriel,Hoosier
2172,Gabriel,Hoosier
2173,Gabriel,Hoosier
2174,Gabriel,Hoosier
2175,Gabriel,Hoosier
2176,Gabriel,Hoosier
2177,Gabriel,Hoosier
2178,Gabriel,Hoosier
2179,Gabriel,Hoosier
2180,Gabriel,Hoosier
2181,Gabriel,Hoosier
2182,Gabriel,Hoosier
2183,Gabriel,Hoosier
2184,Gabriel,Hoosier
2185,Gabriel,Hoosier
2186,Gabriel,Hoosier
2187,Gabriel,Hoosier
2188,Gabriel,Hoosier
2189,Gabriel,Hoosier
2190,Gabriel,Hoosier
2191,Gabriel,Hoosier
2192,Gabriel,Hoosier
2193,Gabriel,Hoosier
2194,Gabriel,Hoosier
2195,Gabriel,Hoosier
2196,Gabriel,Hoosier
2197,Gabriel,Hoosier
2198,Gabriel,Hoosier
2199,Gabriel,Hoosier
2200,Gabriel,Hoosier
2201,Gabriel,Hoosier
2202,Gabriel,Hoosier
2203,Gabriel,Hoosier
2204,Gabriel,Hoosier
2205,Gabriel,Hoosier
2206,Gabriel,Hoosier
2207,Gabriel,Hoosier
2208,Gabriel,Hoosier
2209,Gabriel,Hoosier
2210,Gabriel,Hoosier
2211,Gabriel,Hoosier
2212,Gabriel,Hoosier
2213,Gabriel,Hoosier
2214,Gabriel,Hoosier
2215,Gabriel,Hoosier
2216,Gabriel,Hoosier
2217,Gabriel,Hoosier
2218,Gabriel,Hoosier
2219,Gabriel,Hoosier
2220,Gabriel,Hoosier
2221,Gabriel,Hoosier
2222,Gabriel,Hoosier
2223,Gabriel,Hoosier
2224,Gabriel,Hoosier
2225,Gabriel,Hoosier
2226,Gabriel,Hoosier
2227,Gabriel,Hoosier
2228,Gabriel,Hoosier
2229,Gabriel,Hoosier
2230,Gabriel,Hoosier
2231,Gabriel,Hoosier
2232,Gabriel,Hoosier
2233,Gabriel,Hoosier
2234,Gabriel,Hoosier
2235,Gabriel,Hoosier
2236,Gabriel,Hoosier
2237,Gabriel,Hoosier
2238,Gabriel,Hoosier
2239,Gabriel,Hoosier
2240,Gabriel,Hoosier
2241,Gabriel,Hoosier
2242,Gabriel,Hoosier
2243,Gabriel,Hoosier
2244,Gabriel,Hoosier
2245,Gabriel,Hoosier
2246,Gabriel,Hoosier
2247,Gabriel,Hoosier
2248,Gabriel,Hoosier
2249,Gabriel,Hoosier
2250,Gabriel,Hoosier
2251,Gabriel,Hoosier
2252,Gabriel,Hoosier
2253,Gabriel,Hoosier
2254,Gabriel,Hoosier
2255,Gabriel,Hoosier
2256,Gabriel,Hoosier
2257,Gabriel,Hoosier
2258,Gabriel,Hoosier
2259,Gabriel,Hoosier
2260,Gabriel,Hoosier
2261,Gabriel,Hoosier
2262,Gabriel,Hoosier
2263,Gabriel,Hoosier
2264,Gabriel,Hoosier
2265,Gabriel,Hoosier
2266,Gabriel,Hoosier
2267,Gabriel,Hoosier
2268,Gabriel,Hoosier
2269,Gabriel,Hoosier
2270,Gabriel,Hoosier
2271,Gabriel,Hoosier
2272,Gabriel,Hoosier
2273,Gabriel,Hoosier
2274,Gabriel,Hoosier
2275,Gabriel,Hoosier
2276,Gabriel,Hoosier
2277,Gabriel,Hoosier
2278,Gabriel,Hoosier
2279,Gabriel,Hoosier
2280,Gabriel,Hoosier
2281,Gabriel,Hoosier
2282,Gabriel,Hoosier
2283,Gabriel,Hoosier
2284,Gabriel,Hoosier
2285,Gabriel,Hoosier
2286,Gabriel,Hoosier
2287,Gabriel,Hoosier
2288,Gabriel,Hoosier
2289,Gabriel,Hoosier
2290,Gabriel,Hoosier
2291,Gabriel,Hoosier
2292,Gabriel,Hoosier
2293,Gabriel,Hoosier
2294,Gabriel,Hoosier
2295,Gabriel,Hoosier
2296,Gabriel,Hoosier
2297,Gabriel,Hoosier
2298,Gabriel,Hoosier
2299,Gabriel,Hoosier
2300,Gabriel,Hoosier
2301,Gabriel,Hoosier
2302,Gabriel,Hoosier
2303,Gabriel,Hoosier
2304,Gabriel,Hoosier
2305,Gabriel,Hoosier
2306,Gabriel,Hoosier
2307,Gabriel,Hoosier
2308,Gabriel,Hoosier
2309,Gabriel,Hoosier
2310,Gabriel,Hoosier
2311,Gabriel,Hoosier
2312,Gabriel,Hoosier
2313,Gabriel,Hoosier
2314,Gabriel,Hoosier
2315,Gabriel,Hoosier
2316,Gabriel,Hoosier
2317,Gabriel,Hoosier
2318,Gabriel,Hoosier
2319,Gabriel,Hoosier
2320,Gabriel,Hoosier
2321,Gabriel,Hoosier
2322,Gabriel,Hoosier
2323,Gabriel,Hoosier
2324,Gabriel,Hoosier
2325,Gabriel,Hoosier
2326,Gabriel,Hoosier
2327,Gabriel,Hoosier
2328,Gabriel,Hoosier
2329,Gabriel,Hoosier
2330,Gabriel,Hoosier
2331,Gabriel,Hoosier
2332,Gabriel,Hoosier
2333,Gabriel,Hoosier
2334,Gabriel,Hoosier
2335,Gabriel,Hoosier
2336,Gabriel,Hoosier
2337,Gabriel,Hoosier
2338,Gabriel,Hoosier
2339,Gabriel,Hoosier
2340,Gabriel,Hoosier
2341,Gabriel,Hoosier
2342,Gabriel,Hoosier
2343,Gabriel,Hoosier
2344,Gabriel,Hoosier
2345,Gabriel,Hoosier
2346,Gabriel,Hoosier
2347,Gabriel,Hoosier
2348,Gabriel,Hoosier
2349,Gabriel,Hoosier
2350,Gabriel,Hoosier
2351,Gabriel,Hoosier
2352,Gabriel,Hoosier
2353,Gabriel,Hoosier
2354,Gabriel,Hoosier
2355,Gabriel,Hoosier
2356,Gabriel,Hoosier
2357,Gabriel,Hoosier
2358,Gabriel,Hoosier
2359,Gabriel,Hoosier
2360,Gabriel,Hoosier
2361,Gabriel,Hoosier
2362,Gabriel,Hoosier
2363,Gabriel,Hoosier
2364,Gabriel,Hoosier
2365,Gabriel,Hoosier
2366,Gabriel,Hoosier
2367,Gabriel,Hoosier
2368,Gabriel,Hoosier
2369,Gabriel,Hoosier
2370,Gabriel,Hoosier
2371,Gabriel,Hoosier
2372,Gabriel,Hoosier
2373,Gabriel,Hoosier
2374,Gabriel,Hoosier
2375,Gabriel,Hoosier
2376,Gabriel,Hoosier
2377,Gabriel,Hoosier
2378,Gabriel,Hoosier
2379,Gabriel,Hoosier
2380,Gabriel,Hoosier
2381,Gabriel,Hoosier
2382,Gabriel,Hoosier
2383,Gabriel,Hoosier
2384,Gabriel,Hoosier
2385,Gabriel,Hoosier
2386,Gabriel,Hoosier
2387,Gabriel,Hoosier
2388,Gabriel,Hoosier
2389,Gabriel,Hoosier
2390,Gabriel,Hoosier
2391,Gabriel,Hoosier
2392,Gabriel,Hoosier
2393,Gabriel,Hoosier
2394,Gabriel,Hoosier
2395,Gabriel,Hoosier
2396,Gabriel,Hoosier
2397,Gabriel,Hoosier
2398,Gabriel,Hoosier
2399,Gabriel,Hoosier
2400,Gabriel,Hoosier
2401,Gabriel,Hoosier
2402,Gabriel,Hoosier
2403,Gabriel,Hoosier
2404,Gabriel,Hoosier
2405,Gabriel,Hoosier
2406,Gabriel,Hoosier
2407,Gabriel,Hoosier
2408,Gabriel,Hoosier
2409,Gabriel,Hoosier
2410,Gabriel,Hoosier
2411,Gabriel,Hoosier
2412,Gabriel,Hoosier
2413,Gabriel,Hoosier
2414,Gabriel,Hoosier
2415,Gabriel,Hoosier
2416,Gabriel,Hoosier
2417,Gabriel,Hoosier
2418,Gabriel,Hoosier
2419,Gabriel,Hoosier
2420,Gabriel,Hoosier
2421,Gabriel,Hoosier
2422,Gabriel,Hoosier
2423,Gabriel,Hoosier
2424,Gabriel,Hoosier
2425,Gabriel,Hoosier
2426,Gabriel,Hoosier
2427,Gabriel,Hoosier
2428,Gabriel,Hoosier
2429,Gabriel,Hoosier
2430,Gabriel,Hoosier
2431,Gabriel,Hoosier
2432,Gabriel,Hoosier
2433,Gabriel,Hoosier
2434,Gabriel,Hoosier
2435,Gabriel,Hoosier
2436,Gabriel,Hoosier
2437,Gabriel,Hoosier
2438,Gabriel,Hoosier
2439,Gabriel,Hoosier
2440,Gabriel,Hoosier
2441,Gabriel,Hoosier
2442,Gabriel,Hoosier
2443,Gabriel,Hoosier
2444,Gabriel,Hoosier
2445,Gabriel,Hoosier
2446,Gabriel,Hoosier
2447,Gabriel,Hoosier
2448,Gabriel,Hoosier
2449,Gabriel,Hoosier
2450,Gabriel,Hoosier
2451,Gabriel,Hoosier
2452,Gabriel,Hoosier
2453,Gabriel,Hoosier
2454,Gabriel,Hoosier
2455,Gabriel,Hoosier
2456,Gabriel,Hoosier
2457,Gabriel,Hoosier
2458,Gabriel,Hoosier
2459,Gabriel,Hoosier
2460,Gabriel,Hoosier
2461,Gabriel,Hoosier
2462,Gabriel,Hoosier
2463,Gabriel,Hoosier
2464,Gabriel,Hoosier
2465,Gabriel,Hoosier
2466,Gabriel,Hoosier
2467,Gabriel,Hoosier
2468,Gabriel,Hoosier
2469,Gabriel,Hoosier
2470,Gabriel,Hoosier
2471,Gabriel,Hoosier
2472,Gabriel,Hoosier
2473,Gabriel,Hoosier
2474,Gabriel,Hoosier
2475,Gabriel,Hoosier
2476,Gabriel,Hoosier
2477,Gabriel,Hoosier
2478,Gabriel,Hoosier
2479,Gabriel,Hoosier
2480,Gabriel,Hoosier
2481,Gabriel,Hoosier
2482,Gabriel,Hoosier
2483,Gabriel,Hoosier
2484,Gabriel,Hoosier
2485,Gabriel,Hoosier
2486,Gabriel,Hoosier
2487,Gabriel,Hoosier
2488,Gabriel,Hoosier
2489,Gabriel,Hoosier
2490,Gabriel,Hoosier
2491,Gabriel,Hoosier
2492,Gabriel,Hoosier
2493,Gabriel,Hoosier
2494,Gabriel,Hoosier
2495,Gabriel,Hoosier
2496,Gabriel,Hoosier
2497,Gabriel,Hoosier
2498,Gabriel,Hoosier
2499,Gabriel,Hoosier
2500,Gabriel,Hoosier
2501,Gabriel,Hoosier
2502,Gabriel,Hoosier
2503,Gabriel,Hoosier
2504,Gabriel,Hoosier
2505,Gabriel,Hoosier
2506,Gabriel,Hoosier
2507,Gabriel,Hoosier
2508,Gabriel,Hoosier
2509,Gabriel,Hoosier
2510,Gabriel,Hoosier
2511,Gabriel,Hoosier
2512,Gabriel,Hoosier
2513,Gabriel,Hoosier
2514,Gabriel,Hoosier
2515,Gabriel,Hoosier
2516,Gabriel,Hoosier
2517,Gabriel,Hoosier
2518,Gabriel,Hoosier
2519,Gabriel,Hoosier
2520,Gabriel,Hoosier
2521,Gabriel,Hoosier
2522,Gabriel,Hoosier
2523,Gabriel,Hoosier
2524,Gabriel,Hoosier
2525,Gabriel,Hoosier
2526,Gabriel,Hoosier
2527,Gabriel,Hoosier
2528,Gabriel,Hoosier
2529,Gabriel,Hoosier
2530,Gabriel,Hoosier
2531,Gabriel,Hoosier
2532,Gabriel,Hoosier
2533,Gabriel,Hoosier
2534,Gabriel,Hoosier
2535,Gabriel,Hoosier
2536,Gabriel,Hoosier
2537,Gabriel,Hoosier
2538,Gabriel,Hoosier
2539,Gabriel,Hoosier
2540,Gabriel,Hoosier
2541,Gabriel,Hoosier
2542,Gabriel,Hoosier
2543,Gabriel,Hoosier
2544,Gabriel,Hoosier
2545,Gabriel,Hoosier
2546,Gabriel,Hoosier
2547,Gabriel,Hoosier
2548,Gabriel,Hoosier
2549,Gabriel,Hoosier
2550,Gabriel,Hoosier
2551,Gabriel,Hoosier
2552,Gabriel,Hoosier
2553,Gabriel,Hoosier
2554,Gabriel,Hoosier
2555,Gabriel,Hoosier
2556,Gabriel,Hoosier
2557,Gabriel,Hoosier
2558,Gabriel,Hoosier
2559,Gabriel,Hoosier
2560,Gabriel,Hoosier
2561,Gabriel,Hoosier
2562,Gabriel,Hoosier
2563,Gabriel,Hoosier
2564,Gabriel,Hoosier
2565,Gabriel,Hoosier
2566,Gabriel,Hoosier
2567,Gabriel,Hoosier
2568,Gabriel,Hoosier
2569,Gabriel,Hoosier
2570,Gabriel,Hoosier
2571,Gabriel,Hoosier
2572,Gabriel,Hoosier
2573,Gabriel,Hoosier
2574,Gabriel,Hoosier
2575,Gabriel,Hoosier
2576,Gabriel,Hoosier
2577,Gabriel,Hoosier
2578,Gabriel,Hoosier
2579,Gabriel,Hoosier
2580,Gabriel,Hoosier
2581,Gabriel,Hoosier
2582,Gabriel,Hoosier
2583,Gabriel,Hoosier
2584,Gabriel,Hoosier
2585,Gabriel,Hoosier
2586,Gabriel,Hoosier
2587,Gabriel,Hoosier
2588,Gabriel,Hoosier
2589,Gabriel,Hoosier
2590,Gabriel,Hoosier
2591,Gabriel,Hoosier
2592,Gabriel,Hoosier
2593,Gabriel,Hoosier
2594,Gabriel,Hoosier
2595,Gabriel,Hoosier
2596,Gabriel,Hoosier
2597,Gabriel,Hoosier
2598,Gabriel,Hoosier
2599,Gabriel,Hoosier
2600,Gabriel,Hoosier
2601,Gabriel,Hoosier
2602,Gabriel,Hoosier
2603,Gabriel,Hoosier
2604,Gabriel,Hoosier
2605,Gabriel,Hoosier
2606,Gabriel,Hoosier
2607,Gabriel,Hoosier
2608,Gabriel,Hoosier
2609,Gabriel,Hoosier
2610,Gabriel,Hoosier
2611,Gabriel,Hoosier
2612,Gabriel,Hoosier
2613,Gabriel,Hoosier
2614,Gabriel,Hoosier
2615,Gabriel,Hoosier
2616,Gabriel,Hoosier
2617,Gabriel,Hoosier
2618,Gabriel,Hoosier
2619,Gabriel,Hoosier
2620,Gabriel,Hoosier
2621,Gabriel,Hoosier
2622,Gabriel,Hoosier
2623,Gabriel,Hoosier
2624,Gabriel,Hoosier
2625,Gabriel,Hoosier
2626,Gabriel,Hoosier
2627,Gabriel,Hoosier
2628,Gabriel,Hoosier
2629,Gabriel,Hoosier
2630,Gabriel,Hoosier
2631,Gabriel,Hoosier
2632,Gabriel,Hoosier
2633,Gabriel,Hoosier
2634,Gabriel,Hoosier
2635,Gabriel,Hoosier
2636,Gabriel,Hoosier
2637,Gabriel,Hoosier
2638,Gabriel,Hoosier
2639,Gabriel,Hoosier
2640,Gabriel,Hoosier
2641,Gabriel,Hoosier
2642,Gabriel,Hoosier
2643,Gabriel,Hoosier
2644,Gabriel,Hoosier
2645,Gabriel,Hoosier
2646,Gabriel,Hoosier
2647,Gabriel,Hoosier
2648,Gabriel,Hoosier
2649,Gabriel,Hoosier
2650,Gabriel,Hoosier
2651,Gabriel,Hoosier
2652,Gabriel,Hoosier
2653,Gabriel,Hoosier
2654,Gabriel,Hoosier
2655,Gabriel,Hoosier
2656,Gabriel,Hoosier
2657,Gabriel,Hoosier
2658,Gabriel,Hoosier
2659,Gabriel,Hoosier
2660,Gabriel,Hoosier
2661,Gabriel,Hoosier
2662,Gabriel,Hoosier
2663,Gabriel,Hoosier
2664,Gabriel,Hoosier
2665,Gabriel,Hoosier
2666,Gabriel,Hoosier
2667,Gabriel,Hoosier
2668,Gabriel,Hoosier
2669,Gabriel,Hoosier
2670,Gabriel,Hoosier
2671,Gabriel,Hoosier
2672,Gabriel,Hoosier
2673,Gabriel,Hoosier
2674,Gabriel,Hoosier
2675,Gabriel,Hoosier
2676,Gabriel,Hoosier
2677,Gabriel,Hoosier
2678,Gabriel,Hoosier
2679,Gabriel,Hoosier
2680,Gabriel,Hoosier
2681,Gabriel,Hoosier
2682,Gabriel,Hoosier
2683,Gabriel,Hoosier
2684,Gabriel,Hoosier
2685,Gabriel,Hoosier
2686,Gabriel,Hoosier
2687,Gabriel,Hoosier
2688,Gabriel,Hoosier
2689,Gabriel,Hoosier
2690,Gabriel,Hoosier
2691,Gabriel,Hoosier
2692,Gabriel,Hoosier
2693,Gabriel,Hoosier
2694,Gabriel,Hoosier
2695,Gabriel,Hoosier
2696,Gabriel,Hoosier
2697,Gabriel,Hoosier
2698,Gabriel,Hoosier
2699,Gabriel,Hoosier
2700,Gabriel,Hoosier
2701,Gabriel,Hoosier
2702,Gabriel,Hoosier
2703,Gabriel,Hoosier
2704,Gabriel,Hoosier
2705,Gabriel,Hoosier
2706,Gabriel,Hoosier
2707,Gabriel,Hoosier
2708,Gabriel,Hoosier
2709,Gabriel,Hoosier
2710,Gabriel,Hoosier
2711,Gabriel,Hoosier
2712,Gabriel,Hoosier
2713,Gabriel,Hoosier
2714,Gabriel,Hoosier
2715,Gabriel,Hoosier
2716,Gabriel,Hoosier
2717,Gabriel,Hoosier
2718,Gabriel,Hoosier
2719,Gabriel,Hoosier
2720,Gabriel,Hoosier
2721,Gabriel,Hoosier
2722,Gabriel,Hoosier
2723,Gabriel,Hoosier
2724,Gabriel,Hoosier
2725,Gabriel,Hoosier
2726,Gabriel,Hoosier
2727,Gabriel,Hoosier
2728,Gabriel,Hoosier
2729,Gabriel,Hoosier
2730,Gabriel,Hoosier
2731,Gabriel,Hoosier
2732,Gabriel,Hoosier
2733,Gabriel,Hoosier
2734,Gabriel,Hoosier
2735,Gabriel,Hoosier
2736,Gabriel,Hoosier
2737,Gabriel,Hoosier
2738,Gabriel,Hoosier
2739,Gabriel,Hoosier
2740,Gabriel,Hoosier
2741,Gabriel,Hoosier
2742,Gabriel,Hoosier
2743,Gabriel,Hoosier
2744,Gabriel,Hoosier
2745,Gabriel,Hoosier
2746,Gabriel,Hoosier
2747,Gabriel,Hoosier
2748,Gabriel,Hoosier
2749,Gabriel,Hoosier
2750,Gabriel,Hoosier
2751,Gabriel,Hoosier
2752,Gabriel,Hoosier
2753,Gabriel,Hoosier
2754,Gabriel,Hoosier
2755,Gabriel,Hoosier
2756,Gabriel,Hoosier
2757,Gabriel,Hoosier
2758,Gabriel,Hoosier
2759,Gabriel,Hoosier
2760,Gabriel,Hoosier
2761,Gabriel,Hoosier
2762,Gabriel,Hoosier
2763,Gabriel,Hoosier
2764,Gabriel,Hoosier
2765,Gabriel,Hoosier
2766,Gabriel,Hoosier
2767,Gabriel,Hoosier
2768,Gabriel,Hoosier
2769,Gabriel,Hoosier
2770,Gabriel,Hoosier
2771,Gabriel,Hoosier
2772,Gabriel,Hoosier
2773,Gabriel,Hoosier
2774,Gabriel,Hoosier
2775,Gabriel,Hoosier
2776,Gabriel,Hoosier
2777,Gabriel,Hoosier
2778,Gabriel,Hoosier
2779,Gabriel,Hoosier
2780,Gabriel,Hoosier
2781,Gabriel,Hoosier
2782,Gabriel,Hoosier
2783,Gabriel,Hoosier
2784,Gabriel,Hoosier
2785,Gabriel,Hoosier
2786,Gabriel,Hoosier
2787,Gabriel,Hoosier
2788,Gabriel,Hoosier
2789,Gabriel,Hoosier
2790,Gabriel,Hoosier
2791,Gabriel,Hoosier
2792,Gabriel,Hoosier
2793,Gabriel,Hoosier
2794,Gabriel,Hoosier
2795,Gabriel,Hoosier
2796,Gabriel,Hoosier
2797,Gabriel,Hoosier
2798,Gabriel,Hoosier
2799,Gabriel,Hoosier
2800,Gabriel,Hoosier
2801,Gabriel,Hoosier
2802,Gabriel,Hoosier
2803,Gabriel,Hoosier
2804,Gabriel,Hoosier
2805,Gabriel,Hoosier
2806,Gabriel,Hoosier
2807,Gabriel,Hoosier
2808,Gabriel,Hoosier
2809,Gabriel,Hoosier
2810,Gabriel,Hoosier
2811,Gabriel,Hoosier
2812,Gabriel,Hoosier
2813,Gabriel,Hoosier
2814,Gabriel,Hoosier
2815,Gabriel,Hoosier
2816,Gabriel,Hoosier
2817,Gabriel,Hoosier
2818,Gabriel,Hoosier
2819,Gabriel,Hoosier
2820,Gabriel,Hoosier
2821,Gabriel,Hoosier
2822,Gabriel,Hoosier
2823,Gabriel,Hoosier
2824,Gabriel,Hoosier
2825,Gabriel,Hoosier
2826,Gabriel,Hoosier
2827,Gabriel,Hoosier
2828,Gabriel,Hoosier
2829,Gabriel,Hoosier
2830,Gabriel,Hoosier
2831,Gabriel,Hoosier
2832,Gabriel,Hoosier
2833,Gabriel,Hoosier
2834,Gabriel,Hoosier
2835,Gabriel,Hoosier
2836,Gabriel,Hoosier
2837,Gabriel,Hoosier
2838,Gabriel,Hoosier
2839,Gabriel,Hoosier
2840,Gabriel,Hoosier
2841,Gabriel,Hoosier
2842,Gabriel,Hoosier
2843,Gabriel,Hoosier
2844,Gabriel,Hoosier
2845,Gabriel,Hoosier
2846,Gabriel,Hoosier
2847,Gabriel,Hoosier
2848,Gabriel,Hoosier
2849,Gabriel,Hoosier
2850,Gabriel,Hoosier
2851,Gabriel,Hoosier
2852,Gabriel,Hoosier
2853,Gabriel,Hoosier
2854,Gabriel,Hoosier
2855,Gabriel,Hoosier
2856,Gabriel,Hoosier
2857,Gabriel,Hoosier
2858,Gabriel,Hoosier
2859,Gabriel,Hoosier
2860,Gabriel,Hoosier
2861,Gabriel,Hoosier
2862,Gabriel,Hoosier
2863,Gabriel,Hoosier
2864,Gabriel,Hoosier
2865,Gabriel,Hoosier
2866,Gabriel,Hoosier
2867,Gabriel,Hoosier
2868,Gabriel,Hoosier
2869,Gabriel,Hoosier
2870,Gabriel,Hoosier
2871,Gabriel,Hoosier
2872,Gabriel,Hoosier
2873,Gabriel,Hoosier
2874,Gabriel,Hoosier
2875,Gabriel,Hoosier
2876,Gabriel,Hoosier
2877,Gabriel,Hoosier
2878,Gabriel,Hoosier
2879,Gabriel,Hoosier
2880,Gabriel,Hoosier
2881,Gabriel,Hoosier
2882,Gabriel,Hoosier
2883,Gabriel,Hoosier
2884,Gabriel,Hoosier
2885,Gabriel,Hoosier
2886,Gabriel,Hoosier
2887,Gabriel,Hoosier
2888,Gabriel,Hoosier
2889,Gabriel,Hoosier
2890,Gabriel,Hoosier
2891,Gabriel,Hoosier
2892,Gabriel,Hoosier
2893,Gabriel,Hoosier
2894,Gabriel,Hoosier
2895,Gabriel,Hoosier
2896,Gabriel,Hoosier
2897,Gabriel,Hoosier
2898,Gabriel,Hoosier
2899,Gabriel,Hoosier
2900,Gabriel,Hoosier
2901,Gabriel,Hoosier
2902,Gabriel,Hoosier
2903,Gabriel,Hoosier
2904,Gabriel,Hoosier
2905,Gabriel,Hoosier
2906,Gabriel,Hoosier
2907,Gabriel,Hoosier
2908,Gabriel,Hoosier
2909,Gabriel,Hoosier
2910,Gabriel,Hoosier
2911,Gabriel,Hoosier
2912,Gabriel,Hoosier
2913,Gabriel,Hoosier
2914,Gabriel,Hoosier
2915,Gabriel,Hoosier
2916,Gabriel,Hoosier
2917,Gabriel,Hoosier
2918,Gabriel,Hoosier
2919,Gabriel,Hoosier
2920,Gabriel,Hoosier
2921,Gabriel,Hoosier
2922,Gabriel,Hoosier
2923,Gabriel,Hoosier
2924,Gabriel,Hoosier
2925,Gabriel,Hoosier
2926,Gabriel,Hoosier
2927,Gabriel,Hoosier
2928,Gabriel,Hoosier
2929,Gabriel,Hoosier
2930,Gabriel,Hoosier
2931,Gabriel,Hoosier
2932,Gabriel,Hoosier
2933,Gabriel,Hoosier
2934,Gabriel,Hoosier
2935,Gabriel,Hoosier
2936,Gabriel,Hoosier
2937,Gabriel,Hoosier
2938,Gabriel,Hoosier
2939,Gabriel,Hoosier
2940,Gabriel,Hoosier
2941,Gabriel,Hoosier
2942,Gabriel,Hoosier
2943,Gabriel,Hoosier
2944,Gabriel,Hoosier
2945,Gabriel,Hoosier
2946,Gabriel,Hoosier
2947,Gabriel,Hoosier
2948,Gabriel,Hoosier
2949,Gabriel,Hoosier
2950,Gabriel,Hoosier
2951,Gabriel,Hoosier
2952,Gabriel,Hoosier
2953,Gabriel,Hoosier
2954,Gabriel,Hoosier
2955,Gabriel,Hoosier
2956,Gabriel,Hoosier
2957,Gabriel,Hoosier
2958,Gabriel,Hoosier
2959,Gabriel,Hoosier
2960,Gabriel,Hoosier
2961,Gabriel,Hoosier
2962,Gabriel,Hoosier
2963,Gabriel,Hoosier
2964,Gabriel,Hoosier
2965,Gabriel,Hoosier
2966,Gabriel,Hoosier
2967,Gabriel,Hoosier
2968,Gabriel,Hoosier
2969,Gabriel,Hoosier
2970,Gabriel,Hoosier
2971,Gabriel,Hoosier
2972,Gabriel,Hoosier
2973,Gabriel,Hoosier
2974,Gabriel,Hoosier
2975,Gabriel,Hoosier
2976,Gabriel,Hoosier
2977,Gabriel,Hoosier
2978,Gabriel,Hoosier
2979,Gabriel,Hoosier
2980,Gabriel,Hoosier
2981,Gabriel,Hoosier
2982,Gabriel,Hoosier
2983,Gabriel,Hoosier
2984,Gabriel,Hoosier
2985,Gabriel,Hoosier
2986,Gabriel,Hoosier
2987,Gabriel,Hoosier
2988,Gabriel,Hoosier
2989,Gabriel,Hoosier
2990,Gabriel,Hoosier
2991,Gabriel,Hoosier
2992,Gabriel,Hoosier
2993,Gabriel,Hoosier
2994,Gabriel,Hoosier
2995,Gabriel,Hoosier
2996,Gabriel,Hoosier
2997,Gabriel,Hoosier
2998,Gabriel,Hoosier
2999,Gabriel,Hoosier
3000,Gabriel,Hoosier
3001,Gabriel,Hoosier
3002,Gabriel,Hoosier
3003,Gabriel,Hoosier
3004,Gabriel,Hoosier
3005,Gabriel,Hoosier
3006,Gabriel,Hoosier
3007,Gabriel,Hoosier
3008,Gabriel,Hoosier
3009,Gabriel,Hoosier
3010,Gabriel,Hoosier
3011,Gabriel,Hoosier
3012,Gabriel,Hoosier
3013,Gabriel,Hoosier
3014,Gabriel,Hoosier
3015,Gabriel,Hoosier
3016,Gabriel,Hoosier
3017,Gabriel,Hoosier
3018,Gabriel,Hoosier
3019,Gabriel,Hoosier
3020,Gabriel,Hoosier
3021,Gabriel,Hoosier
3022,Gabriel,Hoosier
3023,Gabriel,Hoosier
3024,Gabriel,Hoosier
3025,Gabriel,Hoosier
3026,Gabriel,Hoosier
3027,Gabriel,Hoosier
3028,Gabriel,Hoosier
3029,Gabriel,Hoosier
3030,Gabriel,Hoosier
3031,Gabriel,Hoosier
3032,Gabriel,Hoosier
3033,Gabriel,Hoosier
3034,Gabriel,Hoosier
3035,Gabriel,Hoosier
3036,Gabriel,Hoosier
3037,Gabriel,Hoosier
3038,Gabriel,Hoosier
3039,Gabriel,Hoosier
3040,Gabriel,Hoosier
3041,Gabriel,Hoosier
3042,Gabriel,Hoosier
3043,Gabriel,Hoosier
3044,Gabriel,Hoosier
3045,Gabriel,Hoosier
3046,Gabriel,Hoosier
3047,Gabriel,Hoosier
3048,Gabriel,Hoosier
3049,Gabriel,Hoosier
3050,Gabriel,Hoosier
3051,Gabriel,Hoosier
3052,Gabriel,Hoosier
3053,Gabriel,Hoosier
3054,Gabriel,Hoosier
3055,Gabriel,Hoosier
3056,Gabriel,Hoosier
3057,Gabriel,Hoosier
3058,Gabriel,Hoosier
3059,Gabriel,Hoosier
3060,Gabriel,Hoosier
3061,Gabriel,Hoosier
3062,Gabriel,Hoosier
3063,Gabriel,Hoosier
3064,Gabriel,Hoosier
3065,Gabriel,Hoosier
3066,Gabriel,Hoosier
3067,Gabriel,Hoosier
3068,Gabriel,Hoosier
3069,Gabriel,Hoosier
3070,Gabriel,Hoosier
3071,Gabriel,Hoosier
3072,Gabriel,Hoosier
3073,Gabriel,Hoosier
3074,Gabriel,Hoosier
3075,Gabriel,Hoosier
3076,Gabriel,Hoosier
3077,Gabriel,Hoosier
3078,Gabriel,Hoosier
3079,Gabriel,Hoosier
3080,Gabriel,Hoosier
3081,Gabriel,Hoosier
3082,Gabriel,Hoosier
3083,Gabriel,Hoosier
3084,Gabriel,Hoosier
3085,Gabriel,Hoosier
3086,Gabriel,Hoosier
3087,Gabriel,Hoosier
3088,Gabriel,Hoosier
3089,Gabriel,Hoosier
3090,Gabriel,Hoosier
3091,Gabriel,Hoosier
3092,Gabriel,Hoosier
3093,Gabriel,Hoosier
3094,Gabriel,Hoosier
3095,Gabriel,Hoosier
3096,Gabriel,Hoosier
3097,Gabriel,Hoosier
3098,Gabriel,Hoosier
3099,Gabriel,Hoosier
3100,Gabriel,Hoosier
3101,Gabriel,Hoosier
3102,Gabriel,Hoosier
3103,Gabriel,Hoosier
3104,Gabriel,Hoosier
3105,Gabriel,Hoosier
3106,Gabriel,Hoosier
3107,Gabriel,Hoosier
3108,Gabriel,Hoosier
3109,Gabriel,Hoosier
3110,Gabriel,Hoosier
3111,Gabriel,Hoosier
3112,Gabriel,Hoosier
3113,Gabriel,Hoosier
3114,Gabriel,Hoosier
3115,Gabriel,Hoosier
3116,Gabriel,Hoosier
3117,Gabriel,Hoosier
3118,Gabriel,Hoosier
3119,Gabriel,Hoosier
3120,Gabriel,Hoosier
3121,Gabriel,Hoosier
3122,Gabriel,Hoosier
3123,Gabriel,Hoosier
3124,Gabriel,Hoosier
3125,Gabriel,Hoosier
3126,Gabriel,Hoosier
3127,Gabriel,Hoosier
3128,Gabriel,Hoosier
3129,Gabriel,Hoosier
3130,Gabriel,Hoosier
3131,Gabriel,Hoosier
3132,Gabriel,Hoosier
3133,Gabriel,Hoosier
3134,Gabriel,Hoosier
3135,Gabriel,Hoosier
3136,Gabriel,Hoosier
3137,Gabriel,Hoosier
3138,Gabriel,Hoosier
3139,Gabriel,Hoosier
3140,Gabriel,Hoosier
3141,Gabriel,Hoosier
3142,Gabriel,Hoosier
3143,Gabriel,Hoosier
3144,Gabriel,Hoosier
3145,Gabriel,Hoosier
3146,Gabriel,Hoosier
3147,Gabriel,Hoosier
3148,Gabriel,Hoosier
3149,Gabriel,Hoosier
3150,Gabriel,Hoosier
3151,Gabriel,Hoosier
3152,Gabriel,Hoosier
3153,Gabriel,Hoosier
3154,Gabriel,Hoosier
3155,Gabriel,Hoosier
3156,Gabriel,Hoosier
3157,Gabriel,Hoosier
3158,Gabriel,Hoosier
3159,Gabriel,Hoosier
3160,Gabriel,Hoosier
3161,Gabriel,Hoosier
3162,Gabriel,Hoosier
3163,Gabriel,Hoosier
3164,Gabriel,Hoosier
3165,Gabriel,Hoosier
3166,Gabriel,Hoosier
3167,Gabriel,Hoosier
3168,Gabriel,Hoosier
3169,Gabriel,Hoosier
3170,Gabriel,Hoosier
3171,Gabriel,Hoosier
3172,Gabriel,Hoosier
3173,Gabriel,Hoosier
3174,Gabriel,Hoosier
3175,Gabriel,Hoosier
3176,Gabriel,Hoosier
3177,Gabriel,Hoosier
3178,Gabriel,Hoosier
3179,Gabriel,Hoosier
3180,Gabriel,Hoosier
3181,Gabriel,Hoosier
3182,Gabriel,Hoosier
3183,Gabriel,Hoosier
3184,Gabriel,Hoosier
3185,Gabriel,Hoosier
3186,Gabriel,Hoosier
3187,Gabriel,Hoosier
3188,Gabriel,Hoosier
3189,Gabriel,Hoosier
3190,Gabriel,Hoosier
3191,Gabriel,Hoosier
3192,Gabriel,Hoosier
3193,Gabriel,Hoosier
3194,Gabriel,Hoosier
3195,Gabriel,Hoosier
3196,Gabriel,Hoosier
3197,Gabriel,Hoosier
3198,Gabriel,Hoosier
3199,Gabriel,Hoosier
3200,Gabriel,Hoosier
3201,Gabriel,Hoosier
3202,Gabriel,Hoosier
3203,Gabriel,Hoosier
3204,Gabriel,Hoosier
3205,Gabriel,Hoosier
3206,Gabriel,Hoosier
3207,Gabriel,Hoosier
3208,Gabriel,Hoosier
3209,Gabriel,Hoosier
3210,Gabriel,Hoosier
3211,Gabriel,Hoosier
3212,Gabriel,Hoosier
3213,Gabriel,Hoosier
3214,Gabriel,Hoosier
3215,Gabriel,Hoosier
3216,Gabriel,Hoosier
3217,Gabriel,Hoosier
3218,Gabriel,Hoosier
3219,Gabriel,Hoosier
3220,Gabriel,Hoosier
3221,Gabriel,Hoosier
3222,Gabriel,Hoosier
3223,Gabriel,Hoosier
3224,Gabriel,Hoosier
3225,Gabriel,Hoosier
